text,predicted_class,confidence,user_category,ablation_mode,explanation,lime_coverage,ontology_hit_rate,flesch_reading_ease,flesch_kincaid_grade,smog_index,experiment,generation_mode,example_id,explanation_word_count
Normalization of ventilation/perfusion relationships after liver transplantation…,Digestive system diseases,0.5919,BEGINNER,normal,"assistant
The model predicted that the patient has digestive system diseases because it found the presence of the liver in the data. In the biomedical ontology, the liver is an organ located in the abdomen, which belongs to the digestive system. Therefore, if the model detected the liver in the dataset, it likely inferred that the patient might have conditions related to the digestive tract, such as gastritis, hepatitis, or other issues affecting this part of the body.",1.0,1.0,35.10653846153849,14.821794871794872,16.32212239822248,BEGINNER / normal,normal,0,78
Color Doppler imaging. A new noninvasive technique to diagnose and monitor carot…,Cardiovascular diseases,0.791,BEGINNER,normal,"The model predicted Cardiovascular diseases, but no ontology-based features were available to explain this decision.",0.0,0.0,-11.429999999999978,18.58,17.122413403193683,BEGINNER / normal,normal,1,15
Endometriosis associated with massive ascites and absence of pelvic peritoneum. …,Digestive system diseases,0.6624,BEGINNER,normal,"assistant
The model predicted that someone has a digestive system disease because it found three key features related to this condition: ascites, which is fluid buildup around the abdomen; peritoneum, an important layer of tissue covering the organs inside the abdomen; and endometriosis, a disorder affecting the uterus that can sometimes spread to other parts of the body. These features suggest a problem within the digestive system, likely involving inflammation or obstruction of the intestines or stomach.",1.0,1.0,11.741915584415608,21.186038961038964,20.267338824336647,BEGINNER / normal,normal,2,77
Long-term evaluation of indobufen in peripheral vascular disease. Indobufen--an …,Cardiovascular diseases,0.923,BEGINNER,normal,"assistant
The model predicted cardiovascular diseases because it detected symptoms like claudication and pain that are common in this condition. Claudication refers to leg pain during walking due to reduced blood flow to the legs, while pain can indicate discomfort anywhere in the body related to vascular issues. These symptoms align well with the cardiovascular disease classification, making these key features influential in the model's decision.",1.0,1.0,21.714090909090917,15.696060606060607,16.728156217252725,BEGINNER / normal,normal,3,66
Salvage chemotherapy for patients with germ cell tumors. The Memorial Sloan-Kett…,Neoplasms,0.8961,BEGINNER,normal,"assistant
The model predicted that there were neoplasms because it found cells within the data set. Cells are part of tissues and can develop abnormal growths called tumors. When these tumor cells grow out of control, forming masses of tissue, we call this condition a neoplasm. So, if the model detected cells in the dataset, it likely concluded that there might have been neoplastic changes occurring.",1.0,1.0,59.342045454545485,9.081363636363635,12.161744961471694,BEGINNER / normal,normal,4,66
Evaluation of endosonography in TN staging of oesophageal cancer. Strategies for…,Neoplasms,0.6918,BEGINNER,normal,"assistant
The model predicted that there were neoplasms because it detected an increased presence of cancer cells within the tissue sample analyzed. Cancer is a type of neoplasm, which means abnormal growth of cells without control or regulation. In this case, the model found more cancer cells than usual, leading to the classification of ""neoplasms"" as the predicted outcome.",1.0,1.0,43.48350282485876,12.080000000000002,13.5591,BEGINNER / normal,normal,5,59
A unified hypothesis for the complex genetics of HLA associations with IDDM. Our…,General pathological conditions,0.7747,BEGINNER,normal,"The model predicted General pathological conditions, but no ontology-based features were available to explain this decision.",0.0,0.0,-10.329999999999984,18.675,18.243605946275583,BEGINNER / normal,normal,6,16
The cancer experience in the Framingham Heart Study cohort. The almost 40-year r…,Neoplasms,0.7808,BEGINNER,normal,"assistant
The model predicted that there were neoplasms because it found the term ""colon"" mentioned in the data. Colon is an anatomical structure within the body, which could indicate the presence of neoplastic growths like tumors or abnormal tissue changes. This suggests that somewhere in the patient's medical records or imaging studies, there was mention of a colon-related issue related to cancer or other types of abnormal cell growth.",1.0,1.0,40.03782608695653,13.388695652173912,14.06817628641468,BEGINNER / normal,normal,7,69
Long-term (5 to 20 years) Evolution of nongrafted aplastic anemias. The Cooperat…,General pathological conditions,0.8099,BEGINNER,normal,"assistant
The model predicted that the patient has ""General pathological conditions"" because it found evidence of inflammation related to liver issues, which falls under the broader category of general health problems affecting multiple organs. The key feature ""hepatitis"" indicates an infection or damage to the liver, while ""This"" could refer to any unspecified part of the body, possibly suggesting systemic involvement. Together, these findings point towards a condition involving multiple organ systems, fitting the description of ""General pathological conditions.""",1.0,1.0,5.552236286919879,19.02683544303797,20.581828153500812,BEGINNER / normal,normal,8,79
Percutaneous biliary drainage for high obstruction. PBD is the preferred route o…,Digestive system diseases,0.7075,BEGINNER,normal,"The model predicted Digestive system diseases, but no ontology-based features were available to explain this decision.",0.0,0.0,5.532499999999999,16.462500000000002,17.122413403193683,BEGINNER / normal,normal,9,16
Lower extremity arterial disease in elderly subjects with systolic hypertension.…,Cardiovascular diseases,0.9408,BEGINNER,normal,"assistant
The model predicted that someone has cardiovascular diseases because it found evidence related to heart problems or blood vessel issues in their health data. In the biomedical world, ""disease"" refers to any abnormal condition affecting an organism. So, if the model detected something connected to heart conditions or blood vessels during analysis, it likely concluded that this person might have cardiovascular diseases. This conclusion was based on identifying connections between certain symptoms or risk factors that are commonly associated with heart-related illnesses according to the biomedical knowledge base.",1.0,1.0,13.150126404494388,16.952668539325845,17.971250198000288,BEGINNER / normal,normal,10,89
Role of surgery in antibiotic-induced pseudomembranous enterocolitis. With the i…,Digestive system diseases,0.7851,BEGINNER,normal,"assistant
The model predicted that the patient has digestive system diseases because it found two key features related to this condition: ""colitis"" and ""peritonitis"". Colitis refers to inflammation of the colon, which can affect various parts of the digestive tract. Peritonitis involves infection or irritation of the lining around the abdominal organs, often caused by inflammation elsewhere in the body. Both conditions fall under the broader category of digestive system diseases, making these symptoms likely indicators of such issues.",1.0,1.0,25.0849525316456,14.666930379746836,16.52667757954773,BEGINNER / normal,normal,11,79
Patient age and results of balloon aortic valvuloplasty: the Mansfield Scientifi…,Cardiovascular diseases,0.87,BEGINNER,normal,"assistant
The model predicted that someone has cardiovascular diseases because it found ""heart failure"" as an important factor. Heart failure is part of the broader category of cardiovascular diseases, which includes conditions affecting blood flow through the heart and circulation throughout the body. When the model identifies heart failure as significant, it suggests there might be issues related to the heart's ability to pump blood effectively, leading to potential complications like high blood pressure, coronary artery disease, or other heart-related problems. These conditions can increase the risk of developing cardiovascular diseases overall.",1.0,1.0,16.12913043478264,16.723478260869566,17.693802365651003,BEGINNER / normal,normal,12,92
How ancient is temporal arteritis? Realism is one of the characteristics of Amar…,Cardiovascular diseases,0.9191,BEGINNER,normal,"assistant
The model predicted that someone has cardiovascular diseases because it found an ""eyebrow"" in the data. In the biomedical world, eyebrows belong to the anatomy section under material anatomical entities within the broader category of anatomical collections. This suggests that the person might have some condition related to their facial appearance, which could potentially affect their heart health. However, without more information, we can't determine exactly what type of cardiovascular disease this might be.",1.0,1.0,17.475750000000033,15.479833333333332,16.218646115125612,BEGINNER / normal,normal,13,75
The role of elective lymph node dissection in the management of patients with th…,Neoplasms,0.8583,BEGINNER,normal,"The model predicted Neoplasms, but no ontology-based features were available to explain this decision.",0.0,0.0,17.382142857142867,14.312857142857148,14.554592549557764,BEGINNER / normal,normal,14,14
Systemic chemotherapy for urothelial cancer in patients with ureteric obstructio…,Neoplasms,0.6457,BEGINNER,normal,"The model predicted Neoplasms, but no ontology-based features were available to explain this decision.",0.0,0.0,17.382142857142867,14.312857142857148,14.554592549557764,BEGINNER / normal,normal,15,14
Central nervous system vasculitis after chickenpox--cause or coincidence? A 7.5 …,Cardiovascular diseases,0.4682,BEGINNER,normal,"assistant
The model predicted that someone has cardiovascular diseases because it found evidence related to blood vessels and infections. Specifically, it detected signs of inflammation affecting blood vessels (vasculitis), which can lead to heart problems. Additionally, the presence of chickenpox was noted, though this is typically an infection of the skin rather than directly linked to cardiovascular issues. Lastly, mentions of arteries suggested involvement of the circulatory system, potentially indicating conditions like high blood pressure or narrowing of arteries. These findings collectively point towards cardiovascular health concerns.",0.6667,1.0,14.139517241379307,15.60979310344828,16.887214914478655,BEGINNER / normal,normal,16,87
Intraepithelial anchoring fibril components. Cultured human keratinocytes and cu…,Neoplasms,0.8585,BEGINNER,normal,"assistant
The model predicted that there were neoplasms because it detected an increased risk of abnormal cell growth and division, which falls under the broader category of cancerous tumors. This prediction was influenced by the presence of ""carcinoma,"" which is a type of tumor characterized by uncontrolled cell growth and spread within tissues. Carcinomas can occur anywhere in the body, including organs like the lungs, breasts, and intestines, and they often develop from normal cells becoming malignant. Therefore, if the model found evidence of carcinoma, it flagged this as a potential neoplasm, indicating a high likelihood of developing into a more serious condition such as cancer.",1.0,1.0,28.295990566037744,15.895943396226418,18.243605946275583,BEGINNER / normal,normal,17,106
The effects of nonthyroid disease and drugs on thyroid function tests. Serious n…,General pathological conditions,0.6815,BEGINNER,normal,"The model predicted General pathological conditions, but no ontology-based features were available to explain this decision.",0.0,0.0,-10.329999999999984,18.675,18.243605946275583,BEGINNER / normal,normal,18,16
Prostatic duct adenocarcinoma. Findings at radical prostatectomy. Previous studi…,Neoplasms,0.8511,BEGINNER,normal,"The model predicted Neoplasms, but no ontology-based features were available to explain this decision.",0.0,0.0,17.382142857142867,14.312857142857148,14.554592549557764,BEGINNER / normal,normal,19,14
Review of clinical experience with digoxin immune Fab (ovine). Following the dev…,General pathological conditions,0.4776,BEGINNER,normal,"assistant
The model predicted that the patient has ""General pathological conditions"" because it found two key features: ""heart"" and ""hypokalemia"". These features suggest that there might be an issue with the heart function or potassium levels in the body. Specifically:

1. **Heart**: This term refers to the muscular organ located in the chest cavity responsible for pumping blood throughout the body. A problem with the heart could indicate various issues such as heart failure, arrhythmias, or other cardiac disorders.

2. **Hypokalemia**: This condition involves low levels of potassium in the bloodstream. Potassium plays a crucial role in maintaining proper muscle function, including heart muscle contraction. Low potassium can lead to irregular heartbeat, weakness, and fatigue.

Together, these findings point towards potential problems related to the heart or potassium balance within the body, which aligns with the classification of ""General pathological conditions.""",1.0,1.0,33.545625,12.958927304964543,14.554592549557764,BEGINNER / normal,normal,20,141
Effect of increased left atrial pressure on breathing frequency in anesthetized …,Cardiovascular diseases,0.7793,BEGINNER,normal,"The model predicted Cardiovascular diseases, but no ontology-based features were available to explain this decision.",0.0,0.0,-11.429999999999978,18.58,17.122413403193683,BEGINNER / normal,normal,21,15
Extracorporeal shock wave lithotripsy of gallstones: results and 6-month follow-…,Digestive system diseases,0.8115,BEGINNER,normal,"The model predicted Digestive system diseases, but no ontology-based features were available to explain this decision.",0.0,0.0,5.532499999999999,16.462500000000002,17.122413403193683,BEGINNER / normal,normal,22,16
A biphasic pattern of anti-pre-S responses in acute hepatitis B virus infection.…,Digestive system diseases,0.7331,BEGINNER,normal,"assistant
The model predicted that someone has a digestive system disease because it found that the person has an issue with their liver. In the biomedical world, the liver is part of the digestive system, so if there's something wrong with the liver, it could mean problems happening in other parts of the digestive tract too. This connection between the liver and digestion helps explain why the model thought this person might have a digestive system problem.",1.0,1.0,48.939177489177496,12.809610389610397,13.5591,BEGINNER / normal,normal,23,77
Surgical prophylaxis of malignant melanoma. A review of a 14-year experience wit…,Neoplasms,0.8733,BEGINNER,normal,"assistant
The model predicted 'Neoplasms' because it identified that the patient has a condition related to abnormal cell growth, specifically a type of skin cancer called melanoma. Melanoma falls under the broader category of neoplasms, which includes any new growth of tissue that can be either benign (non-cancerous) or malignant (cancerous). Therefore, since the patient has been diagnosed with melanoma, the model classified this case as falling within the category of neoplasms.",1.0,1.0,27.37500000000003,15.403333333333332,16.728156217252725,BEGINNER / normal,normal,24,72
"Rapid, nonradioactive detection of clonal T-cell receptor gene rearrangements in…",Neoplasms,0.7611,BEGINNER,normal,"The model predicted Neoplasms, but no ontology-based features were available to explain this decision.",0.0,0.0,17.382142857142867,14.312857142857148,14.554592549557764,BEGINNER / normal,normal,25,14
Cavernous hemangioma of the spinal cord: report of 2 unusual cases. We present 2…,Neoplasms,0.7727,BEGINNER,normal,"assistant
The model predicted that there were neoplasms because it found evidence of abnormal cell growth, which falls under the broader category of tumors. In this case, the key features identified were ""hemangioma"" and ""spinal cord."" Hemangiomas are benign tumors composed of blood vessels, while the spinal cord is an important part of the central nervous system. Both these conditions could potentially lead to the formation of neoplastic tissue if left untreated. Therefore, the model inferred from the presence of these abnormalities that there might be neoplasms present in the patient's body.",1.0,1.0,48.385086956521775,11.081652173913042,13.02386679866686,BEGINNER / normal,normal,26,92
Histochemical demonstration of 5'-nucleotidase activity in inflammatory muscle d…,General pathological conditions,0.6255,BEGINNER,normal,"assistant
The model predicted that the patient has ""General pathological conditions"" because it found several key indicators related to health issues affecting multiple parts of the body. These include:

1. **Disease**: This term refers to any abnormal condition or disorder within an organism. In this case, the model detected various diseases such as muscular dystrophy and polymyositis, which affect different systems like muscles and bones.

2. **Muscular dystrophy**: This is a group of genetic disorders characterized by progressive muscle weakness and degeneration. It can lead to severe physical disabilities if left untreated.

3. **Polymyositis**: This is another type of inflammatory myopathy, causing inflammation and damage to the muscles throughout the body. It often affects the muscles used for movement, leading to difficulty walking and other mobility problems.

These findings collectively suggest that the patient likely suffers from multiple interconnected health issues across their musculos",1.0,1.0,26.682500000000005,13.5125,15.021129683784007,BEGINNER / normal,normal,27,144
Refeeding of infants with acute diarrheal disease. The purpose of this study was…,Digestive system diseases,0.7134,BEGINNER,normal,"assistant
The model predicted that the patient has a digestive system disease because it detected symptoms like diarrhea and vomiting. These symptoms indicate issues within the digestive tract, which falls under the broader category of digestive system diseases according to the ontology. Diarrhea specifically relates to loose, watery stools, while vomiting involves the forceful expulsion of stomach contents through the mouth. Both conditions suggest problems with how food moves through the intestines or gets expelled from the body, both being hallmarks of digestive system diseases.",1.0,1.0,28.009779411764725,14.631617647058828,16.52667757954773,BEGINNER / normal,normal,28,85
HBV-DNA detection by gene amplification in acute hepatitis B. Serum samples from…,Digestive system diseases,0.7323,BEGINNER,normal,"assistant
The model predicted that someone has a digestive system disease because it found evidence of hepatitis B infection. Hepatitis B is a liver disease caused by a virus, which can affect other parts of the body like the digestive tract. When the model looked at the data, it saw mentions of both hepatitis B and hepatitis, indicating an association between these conditions and the digestive system. This suggests that the person might have inflammation or damage in their liver or intestines due to this viral infection.",1.0,1.0,38.89668103448281,13.2373275862069,14.90622815163357,BEGINNER / normal,normal,29,87
Left ventricular diastolic function in patients with left ventricular systolic d…,Cardiovascular diseases,0.9485,BEGINNER,normal,"assistant
The model predicted that the patient has cardiovascular diseases because it found two key features related to heart health: myocardial infarction and coronary artery disease. Myocardial infarction refers to a heart attack caused by blocked blood flow to part of the heart muscle, while coronary artery disease involves narrowing of the arteries supplying blood to the heart. Both conditions fall under the broader category of cardiovascular diseases, which affect the heart and blood vessels. Therefore, the model inferred that the patient likely has cardiovascular issues based on these findings.",1.0,1.0,25.137500000000017,15.34277777777778,16.218646115125612,BEGINNER / normal,normal,30,90
Oxygen uptake and heart rate responses during hypoxic exercise in children and a…,General pathological conditions,0.5042,BEGINNER,normal,"The model predicted General pathological conditions, but no ontology-based features were available to explain this decision.",0.0,0.0,-10.329999999999984,18.675,18.243605946275583,BEGINNER / normal,normal,31,16
Cellular immune response to hepatitis B virus-encoded antigens in acute and chro…,Digestive system diseases,0.7009,BEGINNER,normal,"assistant
The model predicted that someone has a digestive system disease because it found three key features related to this condition: ""liver,"" ""hepatitis E,"" and ""hepatitis B."" These features indicate an infection affecting the liver, which is part of the digestive system. Hepatitis is inflammation of the liver caused by viruses like hepatitis E and B. Therefore, the model inferred that the person likely has a digestive system disease due to liver involvement from these viral infections.",1.0,1.0,35.6754707792208,13.065551948051947,15.247664890283003,BEGINNER / normal,normal,32,77
"CV 205-502--effectiveness, tolerability, and safety over 24-month study. Twenty …",General pathological conditions,0.5862,BEGINNER,normal,"The model predicted General pathological conditions, but no ontology-based features were available to explain this decision.",0.0,0.0,-10.329999999999984,18.675,18.243605946275583,BEGINNER / normal,normal,33,16
The usefulness of simultaneous determinations of glucosaminylation and fucosylat…,Neoplasms,0.7992,BEGINNER,normal,"assistant
The model predicted that there were neoplasms because it detected an increased risk of abnormal cell growth and division, which falls under the broader category of cancerous tumors. This prediction was influenced by the presence of ""carcinoma,"" which is a type of tumor characterized by uncontrolled cell growth and spread within tissues. Carcinomas can occur anywhere in the body and may involve different types of cells depending on their origin. In this case, the model likely flagged the presence of carcinomas as indicative of potential neoplastic changes.",1.0,1.0,36.45500000000001,13.640000000000004,16.218646115125612,BEGINNER / normal,normal,34,88
Unusual aspects of aortovenous fistulas associated with ruptured abdominal aorti…,Cardiovascular diseases,0.718,BEGINNER,normal,"assistant
The model predicted cardiovascular diseases because it found that the patient has a vein, specifically an iliac vein, which is part of the circulatory system. This connection suggests that there might be issues related to blood flow or circulation problems within the heart or arteries, which could lead to cardiovascular diseases such as heart attacks or strokes. The presence of this particular vein indicates potential involvement in cardiovascular health, making cardiovascular diseases the most likely diagnosis among the options presented.",1.0,1.0,15.452222222222249,17.811604938271604,18.599290044081556,BEGINNER / normal,normal,35,81
Treatment of cervical spondylotic myelopathy by enlargement of the spinal canal …,Nervous system diseases,0.6074,BEGINNER,normal,"The model predicted Nervous system diseases, but no ontology-based features were available to explain this decision.",0.0,0.0,10.820000000000022,15.725000000000003,15.903189008614271,BEGINNER / normal,normal,36,16
Stroke rehabilitation: Australian patient profile and functional outcome. A pros…,Nervous system diseases,0.5932,BEGINNER,normal,"The model predicted Nervous system diseases, but no ontology-based features were available to explain this decision.",0.0,0.0,10.820000000000022,15.725000000000003,15.903189008614271,BEGINNER / normal,normal,37,16
Systemic hypertension in sleep apnea syndrome. Relationship with sleep architect…,Cardiovascular diseases,0.5745,BEGINNER,normal,"assistant
The model predicted that the patient has cardiovascular diseases because it found high levels of two key factors: hypertension and apnea. Hypertension is an underlying condition that can damage blood vessels over time, leading to heart problems. Apnea refers to pauses in breathing during sleep, which can cause oxygen deprivation and lead to various health issues including heart strain. Both conditions contribute to overall cardiovascular risk, making cardiovascular diseases the most likely diagnosis among these symptoms.",1.0,1.0,20.293652597402627,15.211006493506495,16.218646115125612,BEGINNER / normal,normal,38,77
Circadian variations in myocardial ischemia. Implications for management. Extend…,Cardiovascular diseases,0.8209,BEGINNER,normal,"The model predicted Cardiovascular diseases, but no ontology-based features were available to explain this decision.",0.0,0.0,-11.429999999999978,18.58,17.122413403193683,BEGINNER / normal,normal,39,15
Characterization of auscultatory gaps with wideband external pulse recording. Th…,Cardiovascular diseases,0.7493,BEGINNER,normal,"The model predicted Cardiovascular diseases, but no ontology-based features were available to explain this decision.",0.0,0.0,-11.429999999999978,18.58,17.122413403193683,BEGINNER / normal,normal,40,15
Infantile form of carnitine palmitoyltransferase II deficiency with hepatomuscul…,Digestive system diseases,0.5239,BEGINNER,normal,"assistant
The model predicted that someone has digestive system diseases because it found the word ""heart"" in the patient's information. In medicine, the heart is part of the circulatory system, which helps move blood around the body. If there's something wrong with the heart, it can affect how well other parts of the body function, including digestion. So, if the model saw ""heart"" in the data, it thought the person might have problems related to their digestive system.",1.0,1.0,55.80403846153848,10.320128205128206,12.602617957971052,BEGINNER / normal,normal,41,78
Amyotrophic lateral sclerosis: fasting plasma levels of cysteine and inorganic s…,Nervous system diseases,0.729,BEGINNER,normal,"assistant
The model predicted that the patient has a nervous system disease because it focused on the brain, which is an important part of the nervous system. The brain helps control various functions like movement, thinking, and feeling. When the model looked at the brain, it noticed something unusual or different from normal, suggesting there might be a problem affecting the nervous system. This could indicate conditions such as epilepsy, Parkinson’s disease, or other neurological disorders. By identifying the brain as influential, the model inferred that the patient likely has a nervous system issue.",1.0,1.0,41.95300000000003,12.078170212765958,13.02386679866686,BEGINNER / normal,normal,42,94
Resection of the primary liver cancer of the hepatic hilus. Primary liver cancer…,Neoplasms,0.7682,BEGINNER,normal,"assistant
The model predicted that there were neoplasms because it detected an increased presence of cancer cells within the tissue sample. Cancer is a type of neoplasm, which means abnormal growth of cells without control or regulation. In this case, the model found more cancer cells than usual, leading to the classification of ""neoplasms.""",1.0,1.0,47.565,11.096666666666668,12.45797560212912,BEGINNER / normal,normal,43,54
Pulmonary resection combined with cardiac operations. Surgical management of pat…,Cardiovascular diseases,0.4145,BEGINNER,normal,"The model predicted Cardiovascular diseases, but no ontology-based features were available to explain this decision.",0.0,0.0,-11.429999999999978,18.58,17.122413403193683,BEGINNER / normal,normal,44,15
Neuro-ophthalmic manifestations of human immunodeficiency virus infection. Both …,Neoplasms,0.5218,BEGINNER,normal,"assistant
The model predicted that there were neoplasms because it found the term ""brain"" mentioned in the data. In medicine, a neoplasm refers to any new growth of tissue that can occur anywhere in the body. When the model sees the word ""brain,"" it associates this with potential tumors or abnormal cell growths within the brain area. This connection helps the model classify the presence of such conditions as neoplasms.",1.0,1.0,53.712500000000034,10.115000000000002,13.02386679866686,BEGINNER / normal,normal,45,70
Postlaminectomy ossified extradural pseudocyst. Case report. A large ossified sp…,General pathological conditions,0.6085,BEGINNER,normal,"assistant
The model predicted that the patient has ""General pathological conditions"" because it found evidence of a condition called ""meningocele"" in the data. Meningocele is a type of neural tube defect, which means it involves problems with the developing brain and spinal cord. This condition can cause various issues related to the nervous system, leading to general health problems throughout the body. Therefore, the model inferred that the patient likely has multiple underlying health issues beyond just neurological concerns.",1.0,1.0,35.79381329113929,13.173259493670889,14.191785591663535,BEGINNER / normal,normal,46,79
Gallstone pancreatitis. Choosing and timing treatment. Patients with gallstone p…,Digestive system diseases,0.8022,BEGINNER,normal,"The model predicted Digestive system diseases, but no ontology-based features were available to explain this decision.",0.0,0.0,5.532499999999999,16.462500000000002,17.122413403193683,BEGINNER / normal,normal,47,16
Angiotensin converting enzyme inhibitors and quality of life. The term quality o…,Cardiovascular diseases,0.9435,BEGINNER,normal,"assistant
The model predicted that someone has cardiovascular diseases because it found high levels of hypertension in their data. Hypertension is a condition affecting blood pressure in the arteries, which can lead to various heart problems over time. When hypertension is detected, the model likely inferred an increased risk of developing cardiovascular diseases such as heart attacks or strokes.",1.0,1.0,26.276723163841808,14.480000000000004,15.903189008614271,BEGINNER / normal,normal,48,59
Swan-Ganz catheter-induced massive hemoptysis and pulmonary artery false aneurys…,Cardiovascular diseases,0.7713,BEGINNER,normal,"assistant
The model predicted cardiovascular diseases because it found that someone had a problem related to their lungs, specifically an issue involving blood flowing through the arteries leading from the heart to the lungs. This suggests a condition affecting the circulatory system, which falls under the broader category of cardiovascular diseases. The key features identified were ""pulmonary artery"" and ""hemoptysis,"" both of which relate directly to lung function and blood flow issues within the cardiovascular system.",1.0,1.0,15.261140350877213,17.424210526315793,17.879347455551382,BEGINNER / normal,normal,49,76
Normalization of ventilation/perfusion relationships after liver transplantation…,Digestive system diseases,0.5919,BEGINNER,normal,"The model predicted Digestive system diseases, but no ontology-based features were available to explain this decision.",0.0,0.0,5.532499999999999,16.462500000000002,17.122413403193683,BEGINNER / constrained decoding,constrained_decoding,0,16
Color Doppler imaging. A new noninvasive technique to diagnose and monitor carot…,Cardiovascular diseases,0.791,BEGINNER,normal,"The model predicted Cardiovascular diseases, but no ontology-based features were available to explain this decision.",0.0,0.0,-11.429999999999978,18.58,17.122413403193683,BEGINNER / constrained decoding,constrained_decoding,1,15
Endometriosis associated with massive ascites and absence of pelvic peritoneum. …,Digestive system diseases,0.6624,BEGINNER,normal,"assistant
The model predicted that the patient has a digestive system disease because the key features identified are related to the digestive system. The term ""ascites"" refers to fluid buildup in the abdomen, which can be a symptom of liver or kidney problems. ""Peritoneum"" is the membrane that lines the abdomen and covers the organs inside. Lastly, ""peritoneal mesothelioma"" is a type of cancer that affects this membrane, which falls under the broader category of digestive system diseases.",1.0,1.0,40.61942307692311,12.438076923076924,13.02386679866686,BEGINNER / constrained decoding,constrained_decoding,2,78
Long-term evaluation of indobufen in peripheral vascular disease. Indobufen--an …,Cardiovascular diseases,0.923,BEGINNER,normal,"assistant
The model predicted that the patient has cardiovascular diseases because it identified the symptom 'claudication' in the patient's medical history. Claudication is a symptom that occurs when blood flow to the legs is reduced, often due to blockages in the arteries. This reduction in blood flow can lead to cardiovascular diseases, such as coronary artery disease or peripheral artery disease, which affect the heart and blood vessels. Therefore, the model inferred that cardiovascular diseases might be a risk for the patient based on this symptom.",1.0,1.0,29.58459302325585,14.474069767441858,15.903189008614271,BEGINNER / constrained decoding,constrained_decoding,3,86
Salvage chemotherapy for patients with germ cell tumors. The Memorial Sloan-Kett…,Neoplasms,0.8961,BEGINNER,normal,"The model predicted Neoplasms, but no ontology-based features were available to explain this decision.",0.0,0.0,17.382142857142867,14.312857142857148,14.554592549557764,BEGINNER / constrained decoding,constrained_decoding,4,14
Evaluation of endosonography in TN staging of oesophageal cancer. Strategies for…,Neoplasms,0.6918,BEGINNER,normal,"assistant
The model predicted that the patient has neoplastic conditions because it identified the presence of cancer, which is a type of neoplasm. Cancer is a disease characterized by the uncontrolled growth and division of cells, leading to the formation of tumors. In this case, the model detected cancer as an influential feature, indicating a high likelihood of the patient having a neoplasia, which includes both benign and malignant tumors.",1.0,1.0,33.28880952380953,14.412857142857144,16.32212239822248,BEGINNER / constrained decoding,constrained_decoding,5,70
A unified hypothesis for the complex genetics of HLA associations with IDDM. Our…,General pathological conditions,0.7747,BEGINNER,normal,"The model predicted General pathological conditions, but no ontology-based features were available to explain this decision.",0.0,0.0,-10.329999999999984,18.675,18.243605946275583,BEGINNER / constrained decoding,constrained_decoding,6,16
The cancer experience in the Framingham Heart Study cohort. The almost 40-year r…,Neoplasms,0.7808,BEGINNER,normal,"assistant
The model predicted that the patient has neoplastic tissue, which means abnormal growth of cells. The key feature identified is ""colon,"" which is part of the anatomy of the body. In the biomedical context, ""colon"" refers to the large intestine, which is a site where abnormal cell growth can occur. Therefore, the model likely inferred that there is an abnormal growth or tumor in the colon, leading to the prediction of ""neoplasm.""",1.0,1.0,50.4016609589041,10.763116438356167,13.02386679866686,BEGINNER / constrained decoding,constrained_decoding,7,73
Long-term (5 to 20 years) Evolution of nongrafted aplastic anemias. The Cooperat…,General pathological conditions,0.8099,BEGINNER,normal,"assistant
The model predicted that the patient has a general pathological condition because it identified hepatitis as a key feature. Hepatitis is a disease of the gastrointestinal system, which falls under the broader category of general pathological conditions. Therefore, the model likely considered hepatitis to be a significant factor in the patient's overall health status, leading it to classify the patient as having a generalized health issue rather than a specific disease like diabetes or heart disease.",1.0,1.0,10.484632034632028,18.17324675324676,18.243605946275583,BEGINNER / constrained decoding,constrained_decoding,8,77
Percutaneous biliary drainage for high obstruction. PBD is the preferred route o…,Digestive system diseases,0.7075,BEGINNER,normal,"The model predicted Digestive system diseases, but no ontology-based features were available to explain this decision.",0.0,0.0,5.532499999999999,16.462500000000002,17.122413403193683,BEGINNER / constrained decoding,constrained_decoding,9,16
Lower extremity arterial disease in elderly subjects with systolic hypertension.…,Cardiovascular diseases,0.9408,BEGINNER,normal,"assistant
The model predicted cardiovascular diseases because it identified hypertension as a key feature. Both hypertension and hypertension are diseases of the cardiovascular system, which falls under the broader category of cardiovascular diseases. Therefore, the model likely considered hypertension to be a significant risk factor for cardiovascular health issues, leading to the prediction of a cardiovascular disease. The ontology paths show that hypertension is directly related to cardiovascular diseases, making it a crucial factor in the model's decision.",1.0,1.0,-1.6805769230768988,18.33807692307693,17.693802365651003,BEGINNER / constrained decoding,constrained_decoding,10,78
Role of surgery in antibiotic-induced pseudomembranous enterocolitis. With the i…,Digestive system diseases,0.7851,BEGINNER,normal,"assistant
The model predicted that the patient has a digestive system disease because it identified ""colitis"" as an influential feature. Colitis is a type of inflammation in the colon, which falls under the broader category of diseases affecting the digestive system. The model likely analyzed the patient's symptoms and medical history to conclude that colitis is the most probable cause of their condition, leading to the prediction of digestive system diseases.",1.0,1.0,23.14572769953054,15.910422535211268,18.243605946275583,BEGINNER / constrained decoding,constrained_decoding,11,71
Patient age and results of balloon aortic valvuloplasty: the Mansfield Scientifi…,Cardiovascular diseases,0.87,BEGINNER,normal,"assistant
The model predicted cardiovascular diseases because it identified heart failure and valve as key features. Heart failure is a condition where the heart can't pump enough blood to meet the body's needs. Valves are parts of the heart that keep blood flowing in the right direction. Both of these features are related to the cardiovascular system, which includes the heart and blood vessels. Therefore, the model likely inferred that the patient has cardiovascular diseases based on these symptoms.",1.0,1.0,52.65369620253165,9.840354430379753,11.602472056035309,BEGINNER / constrained decoding,constrained_decoding,12,79
How ancient is temporal arteritis? Realism is one of the characteristics of Amar…,Cardiovascular diseases,0.9191,BEGINNER,normal,"assistant
The model predicted that the patient has cardiovascular diseases because the key feature identified, blindness, is related to a disease of the nervous system, which is a type of cardiovascular disease. The ontology path shows that blindness is part of the broader category of nervous system diseases, which are a subset of cardiovascular diseases. Therefore, the model likely inferred that the presence of blindness is indicative of cardiovascular issues, leading to the prediction.",1.0,1.0,19.457792792792816,16.673243243243245,15.903189008614271,BEGINNER / constrained decoding,constrained_decoding,13,74
The role of elective lymph node dissection in the management of patients with th…,Neoplasms,0.8583,BEGINNER,normal,"assistant
The model predicted that the patient has neoplastic tissue, which means abnormal growth of cells. The key features identified as influential are melanoma and lymph. 

Melanoma is a type of cancer that starts in the skin and can spread to other parts of the body. Lymph, on the other hand, is a fluid that helps fight infections and contains white blood cells. In the context of the model's prediction, melanoma is likely to be a significant factor, as it is a form of neoplasia. The presence of melanoma suggests that there may be abnormal cell growth in the patient's skin, which could be indicative of a neoplasm. The lymph component is less directly related to the prediction, but it could be part of a larger immune response that might contribute to the overall condition.",1.0,1.0,54.406666666666695,10.461798941798945,13.707050652182112,BEGINNER / constrained decoding,constrained_decoding,14,135
Systemic chemotherapy for urothelial cancer in patients with ureteric obstructio…,Neoplasms,0.6457,BEGINNER,normal,"The model predicted Neoplasms, but no ontology-based features were available to explain this decision.",0.0,0.0,17.382142857142867,14.312857142857148,14.554592549557764,BEGINNER / constrained decoding,constrained_decoding,15,14
Central nervous system vasculitis after chickenpox--cause or coincidence? A 7.5 …,Cardiovascular diseases,0.4682,BEGINNER,normal,"assistant
The model predicted that the patient has cardiovascular diseases because it identified features related to the cardiovascular system. The key influential tokens are ""vasculitis,"" ""chickenpox,"" ""brain,"" and ""artery."" ""Vasculitis"" refers to inflammation of the blood vessels, which can lead to cardiovascular issues. ""Chickenpox"" is a viral infection that can affect the nervous system, potentially leading to neurological problems. ""Brain"" is part of the central nervous system and can be affected by cardiovascular diseases. ""Artery"" is an artery, which is a type of blood vessel that carries blood from the heart to the rest of the body. All of these features point to cardiovascular diseases as the most likely diagnosis.",1.0,1.0,31.68318181818185,12.744025974025975,14.138980108339055,BEGINNER / constrained decoding,constrained_decoding,16,110
Intraepithelial anchoring fibril components. Cultured human keratinocytes and cu…,Neoplasms,0.8585,BEGINNER,normal,"assistant
The model predicted that the patient has neoplastic conditions because it identified the presence of carcinoma, which is a type of neoplasm. Carcinoma is a cancer that originates in the epithelial cells of the skin, glands, or internal organs. In this case, the model detected carcinoma in the patient, indicating that there is an abnormal growth of cells in the body, which falls under the broader category of neoplasia.",1.0,1.0,33.28880952380953,14.412857142857144,16.728156217252725,BEGINNER / constrained decoding,constrained_decoding,17,70
The effects of nonthyroid disease and drugs on thyroid function tests. Serious n…,General pathological conditions,0.6815,BEGINNER,normal,"The model predicted General pathological conditions, but no ontology-based features were available to explain this decision.",0.0,0.0,-10.329999999999984,18.675,18.243605946275583,BEGINNER / constrained decoding,constrained_decoding,18,16
Prostatic duct adenocarcinoma. Findings at radical prostatectomy. Previous studi…,Neoplasms,0.8511,BEGINNER,normal,"The model predicted Neoplasms, but no ontology-based features were available to explain this decision.",0.0,0.0,17.382142857142867,14.312857142857148,14.554592549557764,BEGINNER / constrained decoding,constrained_decoding,19,14
Review of clinical experience with digoxin immune Fab (ovine). Following the dev…,General pathological conditions,0.4776,BEGINNER,normal,"assistant
The model predicted that the patient has a general pathological condition because the key features identified were related to the heart and a lack of potassium in the blood. The heart is a vital organ that plays a crucial role in pumping blood throughout the body. When the heart is affected, it can lead to various health issues. On the other hand, low potassium levels in the body, which is known as hyperkalemia, can also be a cause for concern. Both of these conditions fall under the broader category of general pathological conditions, which encompasses a wide range of health issues that do not specifically target a particular organ or system but affect the body as a whole.",0.5,1.0,44.75867226890756,12.92897478991597,14.554592549557764,BEGINNER / constrained decoding,constrained_decoding,20,119
Effect of increased left atrial pressure on breathing frequency in anesthetized …,Cardiovascular diseases,0.7793,BEGINNER,normal,"assistant
The model predicted that the patient has cardiovascular diseases because it identified the heart as a key feature. The heart is a vital organ in the cardiovascular system, responsible for pumping blood throughout the body. When the model focuses on the heart, it likely inferred that there might be issues with the heart's function or structure, which could indicate cardiovascular diseases such as heart disease, arrhythmias, or heart failure.",1.0,1.0,33.28880952380953,14.412857142857144,14.554592549557764,BEGINNER / constrained decoding,constrained_decoding,21,70
Extracorporeal shock wave lithotripsy of gallstones: results and 6-month follow-…,Digestive system diseases,0.8115,BEGINNER,normal,"The model predicted Digestive system diseases, but no ontology-based features were available to explain this decision.",0.0,0.0,5.532499999999999,16.462500000000002,17.122413403193683,BEGINNER / constrained decoding,constrained_decoding,22,16
A biphasic pattern of anti-pre-S responses in acute hepatitis B virus infection.…,Digestive system diseases,0.7331,BEGINNER,normal,"assistant
The model predicted that the patient has a digestive system disease because it identified ""liver"" and ""disease"" as influential features. The liver is a vital organ in the digestive system that plays a crucial role in filtering blood, producing bile, and metabolizing nutrients. When the liver is affected by a disease, it can lead to various digestive system issues, such as jaundice, liver cirrhosis, or gallstones. Therefore, the model likely inferred that the presence of the liver and a disease in the patient's medical history indicates a potential digestive system issue.",1.0,1.0,32.681304347826114,14.414782608695656,15.579741850924794,BEGINNER / constrained decoding,constrained_decoding,23,92
Surgical prophylaxis of malignant melanoma. A review of a 14-year experience wit…,Neoplasms,0.8733,BEGINNER,normal,"The model predicted Neoplasms, but no ontology-based features were available to explain this decision.",0.0,0.0,17.382142857142867,14.312857142857148,14.554592549557764,BEGINNER / constrained decoding,constrained_decoding,24,14
"Rapid, nonradioactive detection of clonal T-cell receptor gene rearrangements in…",Neoplasms,0.7611,BEGINNER,normal,"The model predicted Neoplasms, but no ontology-based features were available to explain this decision.",0.0,0.0,17.382142857142867,14.312857142857148,14.554592549557764,BEGINNER / constrained decoding,constrained_decoding,25,14
Cavernous hemangioma of the spinal cord: report of 2 unusual cases. We present 2…,Neoplasms,0.7727,BEGINNER,normal,"assistant
The model predicted that the patient has a neoplasm, which is a type of abnormal growth or tumor. The key features identified as influential are ""hemangioma"" and ""spinal cord."" Hemangiomas are benign tumors that grow from blood vessels, and they can occur in various parts of the body, including the brain and spinal cord. The spinal cord is a critical part of the central nervous system that controls movement, sensation, and other vital functions. Since both hemangiomas and spinal cords are abnormal growths or tumors, the model likely inferred that the presence of these conditions in the patient's anatomy could lead to a diagnosis of ""neoplasm.""",1.0,1.0,45.95885981308413,12.165345794392524,13.968273953766031,BEGINNER / constrained decoding,constrained_decoding,26,107
Histochemical demonstration of 5'-nucleotidase activity in inflammatory muscle d…,General pathological conditions,0.6255,BEGINNER,normal,"assistant
The model predicted that the patient has a general pathological condition because the key features identified are muscular dystrophies, which are diseases that affect the muscles. These conditions are part of the broader category of diseases, which means they fall under the general category of pathological conditions. Therefore, the model likely inferred from the presence of these specific diseases that the overall condition of the patient is pathological, even if it involves more than one type of disease.",1.0,1.0,22.68641350210973,16.636962025316453,18.243605946275583,BEGINNER / constrained decoding,constrained_decoding,27,79
Refeeding of infants with acute diarrheal disease. The purpose of this study was…,Digestive system diseases,0.7134,BEGINNER,normal,"assistant
The model predicted that the patient has a digestive system disease because the patient experienced symptoms like diarrhea and vomiting, which are common in digestive system conditions. Diarrhea involves loose, watery stools, often due to inflammation or infection in the intestines. Vomiting, on the other hand, is the forceful expulsion of stomach contents through the mouth, typically caused by irritation or inflammation in the stomach or esophagus. Both of these symptoms are directly related to issues within the digestive system, such as infections, ulcers, or inflammatory bowel diseases. Additionally, the presence of carbohydrates in the patient's diet might have contributed to these symptoms, as carbohydrates can sometimes trigger digestive issues.",1.0,1.0,21.19929729729733,15.81754954954955,17.122413403193683,BEGINNER / constrained decoding,constrained_decoding,28,111
HBV-DNA detection by gene amplification in acute hepatitis B. Serum samples from…,Digestive system diseases,0.7323,BEGINNER,normal,"assistant
The model predicted that the patient has a digestive system disease because it identified two key features: hepatitis B and hepatitis. Hepatitis B is a disease that affects the liver, which is a part of the digestive system. Similarly, hepatitis is a type of liver disease. Both of these conditions fall under the broader category of digestive system diseases. Therefore, the model inferred that the disease is related to the gastrointestinal system.",1.0,1.0,35.563945205479484,11.92591780821918,13.348371206891418,BEGINNER / constrained decoding,constrained_decoding,29,73
Left ventricular diastolic function in patients with left ventricular systolic d…,Cardiovascular diseases,0.9485,BEGINNER,normal,"assistant
The model predicted that the patient has a cardiovascular disease because it identified two key tokens: ""cardiomyopathy"" and ""coronary artery disease."" These terms are part of the broader category of cardiovascular diseases, which include conditions affecting the heart and blood vessels. ""Cardiomyopathies"" refer to diseases of the heart muscle, while ""atherosclerosis"" is a type of cardiovascular disease characterized by the buildup of plaque in the arteries. Both of these conditions fall under the broader umbrella of cardiovascular illnesses, making ""cardiovascular disease"" the most likely diagnosis for this patient.",1.0,1.0,13.150126404494388,16.952668539325845,17.122413403193683,BEGINNER / constrained decoding,constrained_decoding,30,89
Oxygen uptake and heart rate responses during hypoxic exercise in children and a…,General pathological conditions,0.5042,BEGINNER,normal,"The model predicted General pathological conditions, but no ontology-based features were available to explain this decision.",0.0,0.0,-10.329999999999984,18.675,18.243605946275583,BEGINNER / constrained decoding,constrained_decoding,31,16
Cellular immune response to hepatitis B virus-encoded antigens in acute and chro…,Digestive system diseases,0.7009,BEGINNER,normal,"assistant
The model predicted that the patient has a digestive system disease because it identified the presence of the liver and two types of hepatitis (hepatitis B and hepatitis E) in the patient's medical records. The liver is an organ in the digestive system, and both hepatitis B and E are infectious diseases that can affect the liver. Therefore, the model likely inferred that the liver is involved in these diseases, leading to the prediction of digestive system diseases.",1.0,1.0,32.324388185654044,15.2926582278481,16.32212239822248,BEGINNER / constrained decoding,constrained_decoding,32,79
"CV 205-502--effectiveness, tolerability, and safety over 24-month study. Twenty …",General pathological conditions,0.5862,BEGINNER,normal,"The model predicted General pathological conditions, but no ontology-based features were available to explain this decision.",0.0,0.0,-10.329999999999984,18.675,18.243605946275583,BEGINNER / constrained decoding,constrained_decoding,33,16
The usefulness of simultaneous determinations of glucosaminylation and fucosylat…,Neoplasms,0.7992,BEGINNER,normal,"assistant
The model predicted that the patient has neoplastic conditions because it identified the presence of carcinoma, which is a type of neoplasm. Carcinoma is a cancer that originates in the epithelial cells of the skin, glands, or internal organs. In this case, the model detected carcinoma in the patient, indicating that there is an abnormal growth of cells in the body, which falls under the broader category of neoplasia.",1.0,1.0,33.28880952380953,14.412857142857144,16.728156217252725,BEGINNER / constrained decoding,constrained_decoding,34,70
Unusual aspects of aortovenous fistulas associated with ruptured abdominal aorti…,Cardiovascular diseases,0.718,BEGINNER,normal,"assistant
The model predicted that the patient has a cardiovascular disease because it identified a 'vein' as an influential feature. Veins are blood vessels that carry blood from the body back to the heart. In the context of cardiovascular diseases, veins play a crucial role in the circulatory system, which is essential for delivering oxygen and nutrients to the body's tissues and removing waste products. Therefore, the presence of a vein in the patient's condition suggests a cardiovascular issue.",1.0,1.0,34.72292721518991,13.322626582278485,14.191785591663535,BEGINNER / constrained decoding,constrained_decoding,35,79
Treatment of cervical spondylotic myelopathy by enlargement of the spinal canal …,Nervous system diseases,0.6074,BEGINNER,normal,"The model predicted Nervous system diseases, but no ontology-based features were available to explain this decision.",0.0,0.0,10.820000000000022,15.725000000000003,15.903189008614271,BEGINNER / constrained decoding,constrained_decoding,36,16
Stroke rehabilitation: Australian patient profile and functional outcome. A pros…,Nervous system diseases,0.5932,BEGINNER,normal,"The model predicted Nervous system diseases, but no ontology-based features were available to explain this decision.",0.0,0.0,10.820000000000022,15.725000000000003,15.903189008614271,BEGINNER / constrained decoding,constrained_decoding,37,16
Systemic hypertension in sleep apnea syndrome. Relationship with sleep architect…,Cardiovascular diseases,0.5745,BEGINNER,normal,"assistant
The model predicted cardiovascular diseases because it identified hypertension and apnea as key features. Hypertension is a condition where the blood pressure in the arteries is consistently high, which can strain the heart and blood vessels over time. Apnea, on the other hand, is a breathing disorder where a person temporarily stops breathing during sleep. Both of these conditions are related to the cardiovascular system and can contribute to the development of cardiovascular diseases.",1.0,1.0,24.24375000000001,14.535833333333336,16.218646115125612,BEGINNER / constrained decoding,constrained_decoding,38,75
Circadian variations in myocardial ischemia. Implications for management. Extend…,Cardiovascular diseases,0.8209,BEGINNER,normal,"assistant
The model predicted cardiovascular diseases because it identified ischemia as a key feature. Ischemia refers to a lack of blood flow to tissues, which can lead to damage or death of those tissues. In the context of cardiovascular diseases, ischemia often occurs in the heart, leading to conditions like heart attacks. Therefore, the model likely considered ischemia to be a significant risk factor for cardiovascular diseases based on this information.",1.0,1.0,25.576496478873253,14.101514084507045,14.90622815163357,BEGINNER / constrained decoding,constrained_decoding,39,71
Characterization of auscultatory gaps with wideband external pulse recording. Th…,Cardiovascular diseases,0.7493,BEGINNER,normal,"The model predicted Cardiovascular diseases, but no ontology-based features were available to explain this decision.",0.0,0.0,-11.429999999999978,18.58,17.122413403193683,BEGINNER / constrained decoding,constrained_decoding,40,15
Infantile form of carnitine palmitoyltransferase II deficiency with hepatomuscul…,Digestive system diseases,0.5239,BEGINNER,normal,"assistant
The model predicted that the patient has a digestive system disease because it identified the heart as a key feature. In the biomedical ontology, the heart is a part of the circulatory system, which is closely related to the digestive system. When the model focuses on the heart, it likely inferred that there might be an issue with blood flow or heart function, which could potentially affect the digestive process. Therefore, the model flagged digestive system diseases as a possible diagnosis.",1.0,1.0,40.55676829268293,12.695243902439028,14.554592549557764,BEGINNER / constrained decoding,constrained_decoding,41,82
Amyotrophic lateral sclerosis: fasting plasma levels of cysteine and inorganic s…,Nervous system diseases,0.729,BEGINNER,normal,"assistant
The model predicted that the patient has a nervous system disease because it identified the brain as a key feature. The brain is a part of the nervous system, and diseases affecting the brain are classified as nervous system diseases. Therefore, the model likely inferred that the presence of the brain in the patient's condition suggests they have a disease related to the brain, such as a stroke, epilepsy, or Alzheimer's disease.",1.0,1.0,46.54488584474888,12.812328767123288,14.06817628641468,BEGINNER / constrained decoding,constrained_decoding,42,73
Resection of the primary liver cancer of the hepatic hilus. Primary liver cancer…,Neoplasms,0.7682,BEGINNER,normal,"assistant
The model predicted that the patient has neoplastic conditions because it identified the presence of cancer, which is a type of neoplasm. Cancer is a disease characterized by the uncontrolled growth and division of cells, leading to the formation of tumors. In this case, the model detected cancer as an influential feature, indicating a high likelihood of the patient having a neoplasia, which includes both benign and malignant tumors.",1.0,1.0,33.28880952380953,14.412857142857144,16.32212239822248,BEGINNER / constrained decoding,constrained_decoding,43,70
Pulmonary resection combined with cardiac operations. Surgical management of pat…,Cardiovascular diseases,0.4145,BEGINNER,normal,"The model predicted Cardiovascular diseases, but no ontology-based features were available to explain this decision.",0.0,0.0,-11.429999999999978,18.58,17.122413403193683,BEGINNER / constrained decoding,constrained_decoding,44,15
Neuro-ophthalmic manifestations of human immunodeficiency virus infection. Both …,Neoplasms,0.5218,BEGINNER,normal,"assistant
The model predicted that the patient has neoplastic tissue, which means abnormal growth of cells. The key feature identified is ""brain,"" which is part of the patient's anatomy. In the biomedical context, ""brain"" refers to the central nervous system, including the cerebrum, cerebellum, and brainstem. Since the model focused on the brain, it likely inferred that there might be abnormal cell growth in this area, leading to the prediction of ""Neoplasm.""",1.0,1.0,47.565,11.096666666666668,13.427899808715576,BEGINNER / constrained decoding,constrained_decoding,45,72
Postlaminectomy ossified extradural pseudocyst. Case report. A large ossified sp…,General pathological conditions,0.6085,BEGINNER,normal,"assistant
The model predicted that the patient has a general pathological condition. The influential token ""meningocele"" is a type of physical disorder that affects the neural tube, which is part of the central nervous system. Meningocele is a congenital defect where the meninges, the protective covering of the brain and spinal cord, protrude through a defect in the skull or spine. This condition falls under the broader category of neural tube defects, which are a group of disorders that can affect the developing nervous system before birth. Therefore, the model likely inferred that the presence of a meningocele indicates a general pathologic condition related to the nervous system development.",1.0,1.0,38.79240366972476,13.264293577981658,14.836745963215662,BEGINNER / constrained decoding,constrained_decoding,46,109
Gallstone pancreatitis. Choosing and timing treatment. Patients with gallstone p…,Digestive system diseases,0.8022,BEGINNER,normal,"The model predicted Digestive system diseases, but no ontology-based features were available to explain this decision.",0.0,0.0,5.532499999999999,16.462500000000002,17.122413403193683,BEGINNER / constrained decoding,constrained_decoding,47,16
Angiotensin converting enzyme inhibitors and quality of life. The term quality o…,Cardiovascular diseases,0.9435,BEGINNER,normal,"assistant
The model predicted cardiovascular diseases because it identified hypertension as a key feature. Hypertension is a disease that affects the cardiovascular system, which includes the heart, blood vessels, and blood. When hypertension is present, it can lead to various cardiovascular diseases, such as heart disease, stroke, and heart failure. Therefore, the model likely considered hypertension to be a significant risk factor for cardiovascular diseases and made this prediction based on that information.",1.0,1.0,20.270154109589072,14.965856164383563,15.579741850924794,BEGINNER / constrained decoding,constrained_decoding,48,73
Swan-Ganz catheter-induced massive hemoptysis and pulmonary artery false aneurys…,Cardiovascular diseases,0.7713,BEGINNER,normal,"assistant
The model predicted cardiovascular diseases because it identified several key features that are strongly associated with this condition. Pulmonary artery is a blood vessel that carries blood from the heart to the lungs. Hemoptysis is the medical term for blood in the sputum, which can be a symptom of various conditions, including cardiovascular diseases. Hypertension, or high blood pressure, is a significant risk factor for cardiovascular diseases, as it can damage blood vessels and increase the risk of heart attacks and strokes. These features, along with the model's analysis, led it to conclude that cardiovascular diseases were the most likely diagnosis.",1.0,1.0,27.7113529411765,14.46207843137255,15.6451,BEGINNER / constrained decoding,constrained_decoding,49,102
Normalization of ventilation/perfusion relationships after liver transplantation…,Digestive system diseases,0.5919,EXPERT,normal,"The model predicted Digestive system diseases, but no ontology-based features were available to explain this decision.",0.0,0.0,5.532499999999999,16.462500000000002,17.122413403193683,EXPERT / normal,normal,0,16
Color Doppler imaging. A new noninvasive technique to diagnose and monitor carot…,Cardiovascular diseases,0.791,EXPERT,normal,"assistant
The model predicted cardiovascular diseases because it identified the cavernous sinus as an influential feature. The cavernous sinus is a venous dural sinus located within the skull that plays a crucial role in the circulation of cerebrospinal fluid and blood between the brain and the spinal cord. This anatomical location suggests a high likelihood of involvement in cardiovascular conditions due to its proximity to central nervous system structures. The presence of this feature indicates a strong association with vascular pathology, which aligns with the classification of cardiovascular diseases.",1.0,1.0,14.100688202247229,16.820084269662917,17.122413403193683,EXPERT / normal,normal,1,89
Endometriosis associated with massive ascites and absence of pelvic peritoneum. …,Digestive system diseases,0.6624,EXPERT,normal,"assistant
The model predicted 'Digestive system diseases' because it detected significant presence of ascites and peritoneum in the patient's condition. Ascites refers to fluid accumulation around the abdomen, which can be associated with various conditions affecting the digestive tract such as liver cirrhosis or heart failure. Peritoneum, being part of the peritoneal cavity that lines the abdominal organs, indicates inflammation or infection within this area, often linked to gastrointestinal issues like appendicitis or inflammatory bowel disease. Additionally, the mention of Endometriosis suggests involvement of the reproductive system, which can sometimes affect the digestive tract due to hormonal influences or structural abnormalities. These findings collectively point towards potential underlying causes related to the digestive system, leading to the model's classification.",1.0,1.0,0.6813613445378337,19.07687394957984,19.083932058031824,EXPERT / normal,normal,2,119
Long-term evaluation of indobufen in peripheral vascular disease. Indobufen--an …,Cardiovascular diseases,0.923,EXPERT,normal,"assistant
The model predicted cardiovascular diseases because it detected the presence of claudication, which is an abnormal sensation of pain that occurs during walking due to reduced blood flow to the legs. Claudication indicates peripheral artery disease, a condition affecting the arteries supplying blood to the limbs. This finding suggests a risk factor for cardiovascular diseases such as coronary artery disease, heart attack, or stroke. The model likely inferred from this symptom that there might be underlying vascular issues contributing to these conditions.",1.0,1.0,21.67013554216871,15.391656626506029,17.122413403193683,EXPERT / normal,normal,3,83
Salvage chemotherapy for patients with germ cell tumors. The Memorial Sloan-Kett…,Neoplasms,0.8961,EXPERT,normal,"assistant
The model predicted 'Neoplasms' because it identified the presence of cells within tissues, which suggests abnormal growth patterns indicative of neoplastic processes. Cells are fundamental units of life that differentiate from one another during development and function as the primary building blocks of all living organisms. In the context of medicine, cells can exhibit abnormalities such as mutations or dysregulation, leading to uncontrolled proliferation known as neoplasia. This prediction indicates an increased likelihood of cancerous conditions due to the observed cellular anomalies.",1.0,1.0,12.496641566265057,16.671174698795188,18.243605946275583,EXPERT / normal,normal,4,83
Evaluation of endosonography in TN staging of oesophageal cancer. Strategies for…,Neoplasms,0.6918,EXPERT,normal,"assistant
The model predicted 'Neoplasms' because it identified 'cancer' as an influential token among the key features analyzed. According to the ontology, 'cancer' is a type of neoplasm, which is defined as abnormal growth of cells that can form tumors. Therefore, since 'cancer' was deemed important by the model, it likely inferred that the patient has a condition classified under the broader term 'Neoplasms', encompassing all types of abnormal cell growth. This conclusion is supported by the fact that 'cancer' falls within the broader category of neoplastic disorders, further reinforcing the model's classification.",1.0,1.0,30.41044354838712,14.793629032258064,16.218646115125612,EXPERT / normal,normal,5,93
A unified hypothesis for the complex genetics of HLA associations with IDDM. Our…,General pathological conditions,0.7747,EXPERT,normal,"The model predicted General pathological conditions, but no ontology-based features were available to explain this decision.",0.0,0.0,-10.329999999999984,18.675,18.243605946275583,EXPERT / normal,normal,6,16
The cancer experience in the Framingham Heart Study cohort. The almost 40-year r…,Neoplasms,0.7808,EXPERT,normal,"assistant
The model predicted 'Neoplasms' because it identified the presence of both ""colon"" and ""group"" as key features. These tokens represent anatomical structures within the gastrointestinal system. Specifically, ""colon"" refers to the large intestine, which plays a crucial role in digestion and waste elimination. Meanwhile, ""group"" likely indicates a collection or cluster of cells that have undergone abnormal growth, consistent with neoplastic changes. Together, these features suggest an increased risk of developing cancerous tumors in this region of the body, leading to the classification of 'Neoplasms'.",1.0,1.0,29.030488372093032,13.483116279069773,14.554592549557764,EXPERT / normal,normal,7,86
Long-term (5 to 20 years) Evolution of nongrafted aplastic anemias. The Cooperat…,General pathological conditions,0.8099,EXPERT,normal,"assistant
The model predicted ""General pathological conditions"" because it detected multiple significant indicators that point towards systemic health issues affecting various organs and systems. Hepatitis, which falls under the broader category of liver disease within the gastrointestinal system, suggests inflammation or damage to the liver cells. The presence of ""This,"" an unspecified entity from the Coelopidae family, likely indicates some form of developmental anomaly or genetic condition. Lastly, the detection of leukemia, a type of blood cancer, further emphasizes systemic involvement across the hematopoietic system. These findings collectively suggest complex, multifaceted health problems involving multiple organ systems, thus leading to the classification of ""General pathological conditions.""",1.0,1.0,-3.037716981132064,18.94969811320755,19.083932058031824,EXPERT / normal,normal,8,106
Percutaneous biliary drainage for high obstruction. PBD is the preferred route o…,Digestive system diseases,0.7075,EXPERT,normal,"The model predicted Digestive system diseases, but no ontology-based features were available to explain this decision.",0.0,0.0,5.532499999999999,16.462500000000002,17.122413403193683,EXPERT / normal,normal,9,16
Lower extremity arterial disease in elderly subjects with systolic hypertension.…,Cardiovascular diseases,0.9408,EXPERT,normal,"assistant
The model predicted 'Cardiovascular diseases' because it identified hypertension as an influential factor. Hypertension, which is part of the broader category of cardiovascular diseases, involves high blood pressure that can lead to various complications affecting the heart, arteries, and other parts of the circulatory system. This condition directly impacts the cardiovascular health, making hypertension a significant risk factor for developing cardiovascular diseases such as coronary artery disease, stroke, and heart failure. Therefore, the model attributes hypertension to being a key element contributing to the classification of cardiovascular diseases.",1.0,1.0,-7.762233146067416,19.86952247191012,19.53771442962202,EXPERT / normal,normal,10,89
Role of surgery in antibiotic-induced pseudomembranous enterocolitis. With the i…,Digestive system diseases,0.7851,EXPERT,normal,"assistant
The model predicted 'Digestive system diseases' because it identified two key features that align with this classification: colitis and peritonitis. Colitis is an inflammation of the colon, which falls under the broader category of inflammatory bowel diseases. Peritonitis refers to infection or irritation of the abdominal lining, typically caused by inflammation elsewhere in the body. Both conditions directly relate to issues within the digestive tract, making 'Digestive system diseases' the most appropriate classification among the options presented.",1.0,1.0,8.080961538461565,16.976538461538464,17.971250198000288,EXPERT / normal,normal,11,78
Patient age and results of balloon aortic valvuloplasty: the Mansfield Scientifi…,Cardiovascular diseases,0.87,EXPERT,normal,"assistant
The model predicted 'Cardiovascular diseases' because it identified ""heart failure"" as an influential token among key features. Heart failure is a condition within the cardiovascular system that affects blood flow through the heart. This diagnosis indicates dysfunction in the heart's ability to pump blood effectively, which can lead to various complications such as fluid buildup around the lungs (pulmonary edema), fluid retention in the legs (peripheral edema), and other symptoms related to impaired circulation. Given this information, the model likely inferred that patients with heart failure have increased risk factors associated with cardiovascular diseases, including hypertension, diabetes, obesity, and smoking, all of which contribute to the development and progression of heart disease. Therefore, the presence of heart failure strongly suggests a higher likelihood of cardiovascular diseases being diagnosed in these individuals.",1.0,1.0,5.711727272727302,19.02115151515152,18.878054631974784,EXPERT / normal,normal,12,132
How ancient is temporal arteritis? Realism is one of the characteristics of Amar…,Cardiovascular diseases,0.9191,EXPERT,normal,"assistant
The model predicted cardiovascular diseases because it identified ""blindness"" as an influential factor. According to the ontology, blindness falls under the broader category of eye diseases, which are part of sensory system diseases, which are subcategories of nervous system diseases. This pathway suggests that conditions affecting vision could potentially lead to cardiovascular issues due to systemic effects such as hypertension or diabetes mellitus, both of which can contribute to heart disease. Therefore, the presence of blindness was deemed significant enough to predict cardiovascular diseases among other possibilities.",1.0,1.0,6.652727272727304,17.79681818181818,17.971250198000288,EXPERT / normal,normal,13,88
The role of elective lymph node dissection in the management of patients with th…,Neoplasms,0.8583,EXPERT,normal,"assistant
The model predicted 'Neoplasms' because it identified melanoma as an influential token among the key features analyzed. Melanoma is a type of neoplasm characterized by uncontrolled cellular proliferation within skin cells. This classification reflects the broader concept of neoplasms, which encompass all types of abnormal growths that occur outside of normal tissue boundaries. Therefore, melanoma serves as a representative example of neoplastic processes within the skin, leading to the overall prediction of 'Neoplasms'.",1.0,1.0,14.284527027027051,15.862837837837835,16.827784334635936,EXPERT / normal,normal,14,74
Systemic chemotherapy for urothelial cancer in patients with ureteric obstructio…,Neoplasms,0.6457,EXPERT,normal,"The model predicted Neoplasms, but no ontology-based features were available to explain this decision.",0.0,0.0,17.382142857142867,14.312857142857148,14.554592549557764,EXPERT / normal,normal,15,14
Central nervous system vasculitis after chickenpox--cause or coincidence? A 7.5 …,Cardiovascular diseases,0.4682,EXPERT,normal,"assistant
The model predicted 'Cardiovascular diseases' because it identified two key features that align with this diagnosis: vasculitis and chickenpox. Vasculitis is a condition affecting blood vessels, which can lead to inflammation and damage within the cardiovascular system. This fits well with the broader category of cardiovascular diseases. Chickenpox, while typically an acute viral infection, can sometimes affect the heart or cause complications related to the cardiovascular system, such as myocarditis. Therefore, both vasculitis and chickenpox contribute to the likelihood of a cardiovascular disease being diagnosed.",1.0,1.0,11.32351162790698,15.952883720930236,16.887214914478655,EXPERT / normal,normal,16,86
Intraepithelial anchoring fibril components. Cultured human keratinocytes and cu…,Neoplasms,0.8585,EXPERT,normal,"assistant
The model predicted 'Neoplasms' because it identified carcinoma as an influential token among key features. Carcinoma is a type of neoplasm characterized by abnormal growth of cells that can spread throughout the body. This classification indicates that the tumor originates from epithelial tissue and has the potential for metastasis. Therefore, carcinoma directly corresponds to the broader term 'Neoplasms', which encompasses all types of new growths or tumors.",1.0,1.0,24.11235294117651,14.119411764705884,15.579741850924794,EXPERT / normal,normal,17,68
The effects of nonthyroid disease and drugs on thyroid function tests. Serious n…,General pathological conditions,0.6815,EXPERT,normal,"The model predicted General pathological conditions, but no ontology-based features were available to explain this decision.",0.0,0.0,-10.329999999999984,18.675,18.243605946275583,EXPERT / normal,normal,18,16
Prostatic duct adenocarcinoma. Findings at radical prostatectomy. Previous studi…,Neoplasms,0.8511,EXPERT,normal,"The model predicted Neoplasms, but no ontology-based features were available to explain this decision.",0.0,0.0,17.382142857142867,14.312857142857148,14.554592549557764,EXPERT / normal,normal,19,14
Review of clinical experience with digoxin immune Fab (ovine). Following the dev…,General pathological conditions,0.4776,EXPERT,normal,"assistant
The model predicted 'General pathological conditions' because it identified the heart as an influential token among the key features analyzed. In the biomedical ontology, the heart belongs to the broader category of circulatory organs, which further categorizes it under thoracic segments and primary circulatory organs. This hierarchical placement indicates that the heart plays a central role in the body's circulatory system, responsible for pumping blood throughout the body. Given this foundational position within the cardiovascular system, the heart likely contributes significantly to various physiological processes such as oxygen transport and waste removal. Therefore, the model inferred that the presence or dysfunction of the heart could lead to general pathological conditions affecting multiple bodily functions.",1.0,1.0,1.783913043478293,18.72434782608696,18.66944999605865,EXPERT / normal,normal,20,115
Effect of increased left atrial pressure on breathing frequency in anesthetized …,Cardiovascular diseases,0.7793,EXPERT,normal,"The model predicted Cardiovascular diseases, but no ontology-based features were available to explain this decision.",0.0,0.0,-11.429999999999978,18.58,17.122413403193683,EXPERT / normal,normal,21,15
Extracorporeal shock wave lithotripsy of gallstones: results and 6-month follow-…,Digestive system diseases,0.8115,EXPERT,normal,"The model predicted Digestive system diseases, but no ontology-based features were available to explain this decision.",0.0,0.0,5.532499999999999,16.462500000000002,17.122413403193683,EXPERT / normal,normal,22,16
A biphasic pattern of anti-pre-S responses in acute hepatitis B virus infection.…,Digestive system diseases,0.7331,EXPERT,normal,"assistant
The model predicted 'Digestive system diseases' because it identified the presence of two key features that strongly indicate involvement of this organ system: the liver and hepatitis B virus infection. The liver, which is an essential part of the digestive system, plays a crucial role in detoxifying substances and producing bile, both critical functions related to digestion. Additionally, hepatitis B virus can directly affect various organs including the liver, leading to inflammation and damage, thus potentially causing digestive issues such as jaundice or altered bowel movements. Therefore, these findings point towards a diagnosis involving the digestive system, consistent with the model's prediction.",1.0,1.0,13.962827669902936,17.70881067961165,18.7741,EXPERT / normal,normal,23,103
Surgical prophylaxis of malignant melanoma. A review of a 14-year experience wit…,Neoplasms,0.8733,EXPERT,normal,"assistant
The model predicted 'Neoplasms' because it identified melanoma as an influential token among the key features analyzed. Melanoma is a type of neoplasm, which is defined as abnormal growth of cells that can occur anywhere in the body. In this case, the model likely inferred from the presence of melanoma data that there was an increased risk of developing other types of neoplastic conditions such as skin cancers. Therefore, the model classified the patient as having 'Neoplasms', recognizing melanoma as one of several potential neoplastic entities within the broader classification.",1.0,1.0,26.629464285714302,15.196785714285712,16.218646115125612,EXPERT / normal,normal,24,91
"Rapid, nonradioactive detection of clonal T-cell receptor gene rearrangements in…",Neoplasms,0.7611,EXPERT,normal,"The model predicted Neoplasms, but no ontology-based features were available to explain this decision.",0.0,0.0,17.382142857142867,14.312857142857148,14.554592549557764,EXPERT / normal,normal,25,14
Cavernous hemangioma of the spinal cord: report of 2 unusual cases. We present 2…,Neoplasms,0.7727,EXPERT,normal,"assistant
The model predicted 'Neoplasms' because it identified two key features that align with this diagnosis: hemangioma and spinal cord. Hemangiomas are benign tumors composed of blood vessels, which fall under the broader category of neoplasms. They can occur anywhere in the body, including the brain and spinal cord. The presence of a hemangioma suggests an abnormal growth pattern consistent with neoplastic processes. Additionally, the spinal cord being mentioned indicates involvement of a central nervous system component, further supporting the classification as a neoplasm. These findings collectively point towards a diagnosis of neoplasms, specifically mentioning both the tumor nature and its location within the central nervous system.",1.0,1.0,26.65005451713398,13.972476635514024,15.021129683784007,EXPERT / normal,normal,26,107
Histochemical demonstration of 5'-nucleotidase activity in inflammatory muscle d…,General pathological conditions,0.6255,EXPERT,normal,"assistant
The model predicted ""General pathological conditions"" because it identified several key features that collectively point towards an underlying issue affecting multiple bodily systems. Muscular dystrophy, which falls under the broader category of muscle tissue diseases within the realm of myopathies, indicates a condition characterized by progressive weakness and degeneration of muscles. Polymyositis, another muscular disease, further emphasizes this systemic involvement by focusing specifically on inflammation and muscle damage. These diagnoses suggest a complex set of issues involving various organs and tissues throughout the body, consistent with the general nature of pathological conditions encompassing numerous health problems.",1.0,1.0,-6.166378865979368,20.143788659793817,20.503739492662863,EXPERT / normal,normal,27,97
Refeeding of infants with acute diarrheal disease. The purpose of this study was…,Digestive system diseases,0.7134,EXPERT,normal,"assistant
The model predicted 'Digestive system diseases' because it identified ""diarrhea"" as an influential token among key features. According to the ontology, ""diarrhea"" falls under the broader category of ""disease,"" which itself is part of the larger classification of ""anatomical entity."" This hierarchical relationship indicates that ""diarrhea"" is a symptom or manifestation of a digestive system disorder. Therefore, the model likely inferred from the presence of ""diarrhea"" that the patient was experiencing symptoms consistent with a digestive system condition, leading to the prediction of 'Digestive system diseases.'",1.0,1.0,3.889784482758671,18.12008620689655,18.511140095513987,EXPERT / normal,normal,28,87
HBV-DNA detection by gene amplification in acute hepatitis B. Serum samples from…,Digestive system diseases,0.7323,EXPERT,normal,"assistant
The model predicted 'Digestive system diseases' because it identified two key features that align with this diagnosis: ""hepatitis b"" and ""hepatitis"". These terms indicate inflammation or infection of the liver, which falls under the broader category of digestive system diseases. The ontology paths show that both ""hepatitis b"" and ""hepatitis"" are part of the larger classification within the gastrointestinal system, specifically categorized under liver disease. This hierarchical relationship supports the model's conclusion that these conditions fall under the digestive system diseases umbrella.",1.0,1.0,6.380978915662666,17.524186746987954,18.243605946275583,EXPERT / normal,normal,29,83
Left ventricular diastolic function in patients with left ventricular systolic d…,Cardiovascular diseases,0.9485,EXPERT,normal,"assistant
The model predicted 'Cardiovascular diseases' because it identified two key features that strongly indicate this condition: myocardial infarction and coronary artery disease. Myocardial infarction, which is represented by the term ""myocardial infarction"" itself, refers to a heart attack caused by blocked blood flow to part of the heart muscle due to a blockage in one of the arteries supplying the heart. Coronary artery disease, indicated by the term ""coronary artery disease,"" encompasses conditions affecting the arteries that supply blood to the heart, including narrowing or hardening of these vessels, leading to reduced blood flow to the heart muscle. Both of these conditions fall under the broader category of cardiovascular diseases, making myocardial infarction and coronary artery disease strong indicators of the predicted outcome.",1.0,1.0,4.805483870967748,20.290322580645164,21.19438992294339,EXPERT / normal,normal,30,124
Oxygen uptake and heart rate responses during hypoxic exercise in children and a…,General pathological conditions,0.5042,EXPERT,normal,"The model predicted General pathological conditions, but no ontology-based features were available to explain this decision.",0.0,0.0,-10.329999999999984,18.675,18.243605946275583,EXPERT / normal,normal,31,16
Cellular immune response to hepatitis B virus-encoded antigens in acute and chro…,Digestive system diseases,0.7009,EXPERT,normal,"assistant
The model predicted 'Digestive system diseases' because it identified key features related to the liver and hepatitis that are directly linked to this diagnostic category. Specifically, the presence of the liver was highlighted as an influential factor, indicating involvement of this organ within the digestive system. Additionally, two types of hepatitis were noted—hepatitis E and B—which are both classified under liver diseases and further support the connection to the digestive system. These findings collectively point towards conditions affecting the liver and bile ducts, which fall squarely within the realm of digestive system diseases.",1.0,1.0,16.482500000000016,16.798404255319152,18.243605946275583,EXPERT / normal,normal,32,94
"CV 205-502--effectiveness, tolerability, and safety over 24-month study. Twenty …",General pathological conditions,0.5862,EXPERT,normal,"The model predicted General pathological conditions, but no ontology-based features were available to explain this decision.",0.0,0.0,-10.329999999999984,18.675,18.243605946275583,EXPERT / normal,normal,33,16
The usefulness of simultaneous determinations of glucosaminylation and fucosylat…,Neoplasms,0.7992,EXPERT,normal,"assistant
The model predicted 'Neoplasms' because it identified carcinoma as an influential token among key features. Carcinoma is a type of neoplasm characterized by abnormal cell growth and division within tissues. This classification indicates that the tumor involves cells from epithelial tissue, which can lead to malignancy if left untreated. The presence of carcinoma suggests that the patient has a condition involving uncontrolled cellular proliferation, fitting squarely under the broader category of neoplasms.",1.0,1.0,14.475633561643832,15.774075342465755,16.52667757954773,EXPERT / normal,normal,34,73
Unusual aspects of aortovenous fistulas associated with ruptured abdominal aorti…,Cardiovascular diseases,0.718,EXPERT,normal,"assistant
The model predicted cardiovascular diseases because it identified an iliac vein and a vein as key features. These anatomical structures are part of the circulatory system, which plays a crucial role in delivering oxygenated blood throughout the body. An iliac vein specifically connects the inferior vena cava to the common iliac veins, facilitating the return of deoxygenated blood from the lower extremities back to the heart. Veins, like the iliac vein, transport blood from various parts of the body back to the heart. Both these vessels are integral components of the cardiovascular system, which includes the heart, arteries, and veins that work together to maintain circulation and deliver essential nutrients and oxygen to tissues while removing waste products. Therefore, the presence of these vascular structures strongly suggests a diagnosis of cardiovascular diseases.",1.0,1.0,23.405006265664184,15.501616541353387,16.728156217252725,EXPERT / normal,normal,35,133
Treatment of cervical spondylotic myelopathy by enlargement of the spinal canal …,Nervous system diseases,0.6074,EXPERT,normal,"The model predicted Nervous system diseases, but no ontology-based features were available to explain this decision.",0.0,0.0,10.820000000000022,15.725000000000003,15.903189008614271,EXPERT / normal,normal,36,16
Stroke rehabilitation: Australian patient profile and functional outcome. A pros…,Nervous system diseases,0.5932,EXPERT,normal,"The model predicted Nervous system diseases, but no ontology-based features were available to explain this decision.",0.0,0.0,10.820000000000022,15.725000000000003,15.903189008614271,EXPERT / normal,normal,37,16
Systemic hypertension in sleep apnea syndrome. Relationship with sleep architect…,Cardiovascular diseases,0.5745,EXPERT,normal,"assistant
The model predicted 'Cardiovascular diseases' because it identified two key factors that contribute to this condition: hypertension and apnea. Hypertension, which falls under the broader category of vascular disease within the cardiovascular system, involves high blood pressure that can damage arteries over time. Apnea, a symptom related to respiratory issues affecting the chest area, indicates breathing pauses during sleep. Both conditions collectively increase the risk of developing cardiovascular diseases such as heart attacks and strokes due to their impact on blood flow and overall health.",1.0,1.0,12.861337209302349,16.806627906976747,17.693802365651003,EXPERT / normal,normal,38,86
Circadian variations in myocardial ischemia. Implications for management. Extend…,Cardiovascular diseases,0.8209,EXPERT,normal,"The model predicted Cardiovascular diseases, but no ontology-based features were available to explain this decision.",0.0,0.0,-11.429999999999978,18.58,17.122413403193683,EXPERT / normal,normal,39,15
Characterization of auscultatory gaps with wideband external pulse recording. Th…,Cardiovascular diseases,0.7493,EXPERT,normal,"The model predicted Cardiovascular diseases, but no ontology-based features were available to explain this decision.",0.0,0.0,-11.429999999999978,18.58,17.122413403193683,EXPERT / normal,normal,40,15
Infantile form of carnitine palmitoyltransferase II deficiency with hepatomuscul…,Digestive system diseases,0.5239,EXPERT,normal,"assistant
The model predicted 'Digestive system diseases' because it identified the heart as an influential token among key features. In the biomedical ontology, the heart is classified under ""circulatory organ"" within the broader category of ""thoracic segment organ,"" which further falls under the larger classification of ""primary circulatory organ."" This hierarchical placement indicates that the heart plays a crucial role in the cardiovascular system, which is central to overall health and function. Since the heart is directly related to the digestive system through blood flow, any issue affecting the heart could potentially impact various aspects of digestion, including nutrient absorption and waste elimination. Therefore, the model likely inferred that conditions involving the heart might also be indicative of problems within the digestive tract, leading to the prediction of 'Digestive system diseases.'",1.0,1.0,12.333603053435157,18.04784732824428,18.66944999605865,EXPERT / normal,normal,41,131
Amyotrophic lateral sclerosis: fasting plasma levels of cysteine and inorganic s…,Nervous system diseases,0.729,EXPERT,normal,"assistant
The model predicted 'Nervous system diseases' because it focused on the brain, which is an essential part of the nervous system. The brain is derived from the ectoderm during embryonic development and serves as the primary control center for all bodily functions. When the model analyzed the data, it highlighted the importance of the brain in making predictions related to the nervous system. This indicates that the model likely considered the brain's role in various neurological conditions and disorders, such as Alzheimer's disease, Parkinson's disease, or epilepsy, which fall under the broader category of nervous system diseases.",1.0,1.0,27.443010204081645,15.518061224489797,17.410965686947208,EXPERT / normal,normal,42,98
Resection of the primary liver cancer of the hepatic hilus. Primary liver cancer…,Neoplasms,0.7682,EXPERT,normal,"assistant
The model predicted 'Neoplasms' because it identified that there was an increased likelihood of abnormal cell growth and division within tissues, which falls under the broader category of neoplasms according to the biomedical ontology. Cancer, represented by the term ""cancer"" itself, is a type of neoplasm characterized by uncontrolled cellular proliferation. Therefore, the model inferred from the presence of this condition that there were signs of neoplastic changes occurring within the patient's body.",1.0,1.0,19.457792792792816,16.673243243243245,17.5058628484301,EXPERT / normal,normal,43,74
Pulmonary resection combined with cardiac operations. Surgical management of pat…,Cardiovascular diseases,0.4145,EXPERT,normal,"The model predicted Cardiovascular diseases, but no ontology-based features were available to explain this decision.",0.0,0.0,-11.429999999999978,18.58,17.122413403193683,EXPERT / normal,normal,44,15
Neuro-ophthalmic manifestations of human immunodeficiency virus infection. Both …,Neoplasms,0.5218,EXPERT,normal,"assistant
The model predicted 'Neoplasms' because it identified the key feature 'brain', which belongs to the ontology path ""multicellular anatomical structure → ectoderm-derived structure → organ → brain"". This indicates that the neoplasm likely originates from an abnormal growth within a part of the central nervous system, specifically the brain. The presence of this feature suggests a tumor or cancerous growth originating from neural tissue, consistent with the classification of 'Neoplasms'.",1.0,1.0,17.116568627450988,16.50294117647059,16.32212239822248,EXPERT / normal,normal,45,71
Postlaminectomy ossified extradural pseudocyst. Case report. A large ossified sp…,General pathological conditions,0.6085,EXPERT,normal,"assistant
The model predicted ""General pathological conditions"" because it identified a condition involving the spinal cord, specifically a meningocele, which falls under the broader category of neurological abnormalities. A meningocele is an abnormal protrusion of the meninges, the protective covering of the brain and spinal cord, through a defect in the skull or vertebral column. This type of pathology indicates damage or malformation that can lead to various neurological issues, including general pathological conditions affecting multiple organ systems. The presence of this condition suggests systemic involvement beyond just the nervous system, aligning with the broader classification of ""General pathological conditions.""",1.0,1.0,2.954000000000036,19.058,20.267338824336647,EXPERT / normal,normal,46,100
Gallstone pancreatitis. Choosing and timing treatment. Patients with gallstone p…,Digestive system diseases,0.8022,EXPERT,normal,"The model predicted Digestive system diseases, but no ontology-based features were available to explain this decision.",0.0,0.0,5.532499999999999,16.462500000000002,17.122413403193683,EXPERT / normal,normal,47,16
Angiotensin converting enzyme inhibitors and quality of life. The term quality o…,Cardiovascular diseases,0.9435,EXPERT,normal,"assistant
The model predicted 'Cardiovascular diseases' because it identified hypertension as an influential factor. Hypertension, which is part of the cardiovascular system, specifically affects arteries leading to the heart. This condition increases the risk of developing other cardiovascular diseases such as coronary artery disease, stroke, and heart failure. Therefore, hypertension is considered a significant contributing factor to the overall classification of cardiovascular diseases.",1.0,1.0,-10.57982142857142,18.6477380952381,17.693802365651003,EXPERT / normal,normal,48,63
Swan-Ganz catheter-induced massive hemoptysis and pulmonary artery false aneurys…,Cardiovascular diseases,0.7713,EXPERT,normal,"assistant
The model predicted cardiovascular diseases because it detected abnormalities related to the pulmonary artery and hemoptysis. Pulmonary arteries are part of the circulatory system that carry oxygenated blood from the heart to the lungs. Hemoptysis refers to coughing up blood from the lungs, which can indicate issues such as lung cancer, tuberculosis, or other conditions affecting the airways. These findings suggest underlying cardiovascular disease processes, leading to the classification of cardiovascular diseases.",1.0,1.0,1.727688356164407,17.55215753424658,17.410965686947208,EXPERT / normal,normal,49,73
Normalization of ventilation/perfusion relationships after liver transplantation…,Digestive system diseases,0.5919,EXPERT,normal,"assistant
The model predicted that the patient has a digestive system disease because the key feature identified as influential is the liver. The liver, which is part of the digestive system, plays a crucial role in various functions such as detoxification, metabolism, and bile production. When the liver is affected, it can lead to a variety of digestive system issues, such as liver cirrhosis, hepatitis, or gallstones. These conditions can cause symptoms like abdominal pain, jaundice, and changes in bowel habits. Therefore, the model attributes the patient's digestive symptoms to a liver-related issue, leading to the prediction of a digestive disease.",1.0,1.0,31.371603960396072,13.901861386138616,15.112257680678326,EXPERT / constrained decoding,constrained_decoding,0,101
Color Doppler imaging. A new noninvasive technique to diagnose and monitor carot…,Cardiovascular diseases,0.791,EXPERT,normal,"The model predicted Cardiovascular diseases, but no ontology-based features were available to explain this decision.",0.0,0.0,-11.429999999999978,18.58,17.122413403193683,EXPERT / constrained decoding,constrained_decoding,1,15
Endometriosis associated with massive ascites and absence of pelvic peritoneum. …,Digestive system diseases,0.6624,EXPERT,normal,"assistant
The model predicted a digestive system disease because the key features identified—ascites, the serous lining of the abdominal cavity (peritoneum), and the reproductive system condition (Endemetriosis)—are all directly related to the digestive system. Ascites is a fluid accumulation in the abdomen that can be caused by various conditions, including those affecting the digestive tract. Peritoneum is a membrane that lines the abdominal and pelvic cavities, and its involvement suggests a condition that affects the abdominal organs, which are part of the digestive anatomy. The reproductive system, represented by Endmetriosis, is closely linked to the female reproductive organs, and conditions affecting these organs can also impact the digestive process. Therefore, the combination of these features points to a disease primarily affecting the gastrointestinal or reproductive systems, both of which fall under the broader category of digestive system diseases.",0.6667,1.0,13.299260869565217,18.260956521739136,19.48791578843652,EXPERT / constrained decoding,constrained_decoding,2,138
Long-term evaluation of indobufen in peripheral vascular disease. Indobufen--an …,Cardiovascular diseases,0.923,EXPERT,normal,"assistant
The model predicted cardiovascular diseases because the key features identified, claudation and pain, are strongly associated with this condition. Claudication, which is represented by the token ""claudication,"" is a symptom characterized by pain or discomfort in the leg muscles that occurs when walking or climbing stairs. This symptom is often a sign of peripheral artery disease, a condition that narrows the arteries supplying blood to the legs, leading to reduced blood flow and increased risk of cardiovascular events. Pain, represented by ""pain,"" is another common symptom of cardiovascular diseases, such as angina, which occurs when the heart muscle does not receive enough oxygen-rich blood. The model likely attributed these symptoms to cardiovascular diseases due to their strong correlation with this medical condition.",1.0,1.0,20.231853658536608,16.548715447154475,17.353723509956247,EXPERT / constrained decoding,constrained_decoding,3,123
Salvage chemotherapy for patients with germ cell tumors. The Memorial Sloan-Kett…,Neoplasms,0.8961,EXPERT,normal,"assistant
The model classified the case as 'Neoplasm' due to the presence of a 'cell' in the dataset. The cell is a fundamental biological unit that can undergo abnormal growth and division, which is characteristic of neoplastic processes. In the biomedical context, a neoplasm is an abnormal growth of cells that can be benign (non-cancerous) or malignant (cancerous). Therefore, the model identified the cell as a key feature that led to the classification of the case.",1.0,1.0,38.38684210526319,12.625263157894736,15.579741850924794,EXPERT / constrained decoding,constrained_decoding,4,76
Evaluation of endosonography in TN staging of oesophageal cancer. Strategies for…,Neoplasms,0.6918,EXPERT,normal,"assistant
The model classified the case as 'Neoplasm' because it identified 'cancer' as a key feature. Cancer is a disease characterized by uncontrolled cellular proliferation, which aligns with the concept of a neoplasm. Therefore, the model likely inferred that the patient's condition involves abnormal cellular growth and division, consistent with a neoplastic process. This classification reflects the model's understanding that cancer is a specific type of neoplasia, a broader term encompassing any abnormal growth of cells.",1.0,1.0,22.8026315789474,14.798947368421054,16.218646115125612,EXPERT / constrained decoding,constrained_decoding,5,76
A unified hypothesis for the complex genetics of HLA associations with IDDM. Our…,General pathological conditions,0.7747,EXPERT,normal,"The model predicted General pathological conditions, but no ontology-based features were available to explain this decision.",0.0,0.0,-10.329999999999984,18.675,18.243605946275583,EXPERT / constrained decoding,constrained_decoding,6,16
The cancer experience in the Framingham Heart Study cohort. The almost 40-year r…,Neoplasms,0.7808,EXPERT,normal,"assistant
The model identified the colon as an influential token in predicting the class. The colon is a part of the digestive tract, which falls under the broader category of organs. Within the organ hierarchy, the colon is classified as a subdivision of the tube, and further subdivided into the colon itself. Given that the model attributes importance to the colon, it likely inferred that the patient's condition involves a neoplasm, which is a type of abnormal growth in the colon or other parts of the body.",1.0,1.0,40.841508620689694,12.966063218390804,14.191785591663535,EXPERT / constrained decoding,constrained_decoding,7,87
Long-term (5 to 20 years) Evolution of nongrafted aplastic anemias. The Cooperat…,General pathological conditions,0.8099,EXPERT,normal,"assistant
The model predicted a general pathological condition due to the presence of two key features: hepatitis and the unspecified token ""This"". Hepatitis is a liver disease, specifically an inflammation of the liver, which falls under the broader category of liver diseases. The ""This"" token, while not explicitly defined in the ontology, likely refers to a specific instance or case, possibly related to the hepatitis condition. Together, these features indicate a systemic issue affecting the liver and possibly other parts of the body, consistent with the prediction of a ""General pathological condition.""",1.0,1.0,15.209565217391315,16.851739130434783,18.511140095513987,EXPERT / constrained decoding,constrained_decoding,8,92
Percutaneous biliary drainage for high obstruction. PBD is the preferred route o…,Digestive system diseases,0.7075,EXPERT,normal,"The model predicted Digestive system diseases, but no ontology-based features were available to explain this decision.",0.0,0.0,5.532499999999999,16.462500000000002,17.122413403193683,EXPERT / constrained decoding,constrained_decoding,9,16
Lower extremity arterial disease in elderly subjects with systolic hypertension.…,Cardiovascular diseases,0.9408,EXPERT,normal,"assistant
The model predicted cardiovascular diseases because it identified the 'disease' token as influential. According to the ontology, 'diseases' encompass a broad range of conditions that affect the body, including cardiovascular diseases such as heart attacks, strokes, and high blood pressure. The model likely analyzed the patient's symptoms, medical history, and other factors to conclude that a cardiovascular disease was the most probable diagnosis.",1.0,1.0,10.694166666666687,17.0675,17.5058628484301,EXPERT / constrained decoding,constrained_decoding,10,64
Role of surgery in antibiotic-induced pseudomembranous enterocolitis. With the i…,Digestive system diseases,0.7851,EXPERT,normal,"assistant
The model predicted that the patient has a digestive system disease due to the presence of two key tokens: ""colitis"" and ""peritonitis"". Colitis is an inflammation of the colon, which falls under the broader category of inflammatory bowel diseases. Peritonitis, on the other hand, is an infection of the peritoneum, which is the lining of the abdominal cavity. Both of these conditions are directly related to the digestive system, making them strong indicators for a diagnosis of digestive system diseases.",1.0,1.0,31.70347222222225,13.867993827160491,16.52667757954773,EXPERT / constrained decoding,constrained_decoding,11,81
Patient age and results of balloon aortic valvuloplasty: the Mansfield Scientifi…,Cardiovascular diseases,0.87,EXPERT,normal,"assistant
The model predicted cardiovascular diseases because heart failure, which is a symptom of cardiovascular diseases, was identified as an influential token. Heart failure is a condition where the heart is unable to pump enough blood to meet the body's needs, and it falls under the broader category of cardiovascular system symptoms. Therefore, the presence of heart failure in the model's analysis strongly suggests that the predicted class is indeed cardiovascular diseases.",1.0,1.0,19.150000000000038,16.550555555555558,16.32212239822248,EXPERT / constrained decoding,constrained_decoding,12,72
How ancient is temporal arteritis? Realism is one of the characteristics of Amar…,Cardiovascular diseases,0.9191,EXPERT,normal,"assistant
The model predicted cardiovascular diseases because it identified the 'eyebrow' as an influential feature. According to the ontology, the eyebrow is part of the hair on the face, which is a component of the scalp. The scalp, in turn, is a layer of skin that covers the skull and contains blood vessels, hair follicles, and sebaceous glands. These anatomical structures are closely related to the cardiovascular system, as they are involved in blood circulation and the distribution of nutrients and oxygen throughout the body. Therefore, the presence or absence of the eyebrow could be indicative of cardiovascular health or disease, leading to the model's prediction of cardiovascular diseases.",1.0,1.0,31.807082568807346,14.23860550458716,15.381575749822971,EXPERT / constrained decoding,constrained_decoding,13,109
The role of elective lymph node dissection in the management of patients with th…,Neoplasms,0.8583,EXPERT,normal,"The model predicted Neoplasms, but no ontology-based features were available to explain this decision.",0.0,0.0,17.382142857142867,14.312857142857148,14.554592549557764,EXPERT / constrained decoding,constrained_decoding,14,14
Systemic chemotherapy for urothelial cancer in patients with ureteric obstructio…,Neoplasms,0.6457,EXPERT,normal,"The model predicted Neoplasms, but no ontology-based features were available to explain this decision.",0.0,0.0,17.382142857142867,14.312857142857148,14.554592549557764,EXPERT / constrained decoding,constrained_decoding,15,14
Central nervous system vasculitis after chickenpox--cause or coincidence? A 7.5 …,Cardiovascular diseases,0.4682,EXPERT,normal,"assistant
The model predicted cardiovascular diseases based on several key features. The influential tokens ""vasculitis,"" ""chickenpox,"" and ""artery"" each play crucial roles in this prediction. 

""Vasculitis"" is a disease of the vascular system, specifically inflammation of the blood vessels. This inflammation can lead to damage to the heart, blood vessels, and other parts of the cardiovascular system, making it a significant risk factor for cardiovascular diseases.

""Chickenpox"" is an infectious disease caused by the varicella-zoster virus. While not directly related to cardiovascular diseases, it highlights the importance of immune system involvement, which is a common theme in many cardiovascular conditions, such as atherosclerosis and hypertension.

""Artery"" refers to a blood vessel that carries oxygenated blood away from the heart to the rest of the body. Arterial inflammation or blockages can contribute to",1.0,1.0,22.810227272727275,14.17681818181818,15.414825405933506,EXPERT / constrained decoding,constrained_decoding,16,132
Intraepithelial anchoring fibril components. Cultured human keratinocytes and cu…,Neoplasms,0.8585,EXPERT,normal,"assistant
The model identified carcinoma as an influential token, which is a type of neoplasm. Carcinoma is a cancer that originates in the epithelial cells of the skin or other organs, characterized by uncontrolled cell growth and the potential for metastasis. In the biomedical context, carcinoma falls under the broader category of neoplastic diseases, which are abnormal growths of cells that can spread to other parts of the body. Therefore, the model's prediction of carcinoma as influential indicates that it is a significant factor contributing to the classification of the patient's condition as a neoplasm.",1.0,1.0,19.76243421052635,16.40302631578948,17.971250198000288,EXPERT / constrained decoding,constrained_decoding,17,95
The effects of nonthyroid disease and drugs on thyroid function tests. Serious n…,General pathological conditions,0.6815,EXPERT,normal,"The model predicted General pathological conditions, but no ontology-based features were available to explain this decision.",0.0,0.0,-10.329999999999984,18.675,18.243605946275583,EXPERT / constrained decoding,constrained_decoding,18,16
Prostatic duct adenocarcinoma. Findings at radical prostatectomy. Previous studi…,Neoplasms,0.8511,EXPERT,normal,"The model predicted Neoplasms, but no ontology-based features were available to explain this decision.",0.0,0.0,17.382142857142867,14.312857142857148,14.554592549557764,EXPERT / constrained decoding,constrained_decoding,19,14
Review of clinical experience with digoxin immune Fab (ovine). Following the dev…,General pathological conditions,0.4776,EXPERT,normal,"assistant
The model classified the patient as having a general pathological condition due to the presence of two key features: the heart and hypokalemic electrolyte imbalance. The heart is a vital organ located in the thoracic cavity, which is part of the circulatory system. The model identified the heart as an influential token, indicating its significance in the patient's condition.

Hypokalemia, or low potassium levels in the blood, is an acquired metabolic disorder that can affect various organs, including the heart. This condition disrupts the normal function of the heart muscle, potentially leading to arrhythmias or other cardiac issues. The presence of this electrolyte disturbance, as represented by the influential token ""hypokalemy,"" further supports the model's classification of the patient into the category of general pathological conditions.

Together, these features indicate a systemic issue affecting multiple organ systems, which aligns with the model",1.0,1.0,21.632867132867176,15.317002997002998,16.613394197324528,EXPERT / constrained decoding,constrained_decoding,20,143
Effect of increased left atrial pressure on breathing frequency in anesthetized …,Cardiovascular diseases,0.7793,EXPERT,normal,"The model predicted Cardiovascular diseases, but no ontology-based features were available to explain this decision.",0.0,0.0,-11.429999999999978,18.58,17.122413403193683,EXPERT / constrained decoding,constrained_decoding,21,15
Extracorporeal shock wave lithotripsy of gallstones: results and 6-month follow-…,Digestive system diseases,0.8115,EXPERT,normal,"The model predicted Digestive system diseases, but no ontology-based features were available to explain this decision.",0.0,0.0,5.532499999999999,16.462500000000002,17.122413403193683,EXPERT / constrained decoding,constrained_decoding,22,16
A biphasic pattern of anti-pre-S responses in acute hepatitis B virus infection.…,Digestive system diseases,0.7331,EXPERT,normal,"assistant
The model predicted that the patient has a digestive system disease because the key feature identified as influential is the liver. The liver, which is part of the digestive system, plays a crucial role in various functions such as detoxification, metabolism, and bile production. When the liver is affected, it can lead to a variety of digestive system issues, such as liver cirrhosis, hepatitis, or gallstones. These conditions can cause symptoms like abdominal pain, jaundice, and changes in bowel habits. Therefore, the model attributes the patient's digestive symptoms to a liver-related issue, leading to the prediction of a digestive disease.",1.0,1.0,31.371603960396072,13.901861386138616,15.112257680678326,EXPERT / constrained decoding,constrained_decoding,23,101
Surgical prophylaxis of malignant melanoma. A review of a 14-year experience wit…,Neoplasms,0.8733,EXPERT,normal,"assistant
The model classified the patient's condition as 'Neoplasm' due to the presence of melanoma, which is a type of neoplasm. Melanoma is a cancer characterized by uncontrolled cellular proliferation, and it falls under the broader category of neoplasia, which encompasses all types of abnormal cell growth. The model identified melanoma as an influential token, indicating its significance in determining the neoplastic nature of the condition.",1.0,1.0,10.177727272727282,17.30515151515152,18.94697817629153,EXPERT / constrained decoding,constrained_decoding,24,66
"Rapid, nonradioactive detection of clonal T-cell receptor gene rearrangements in…",Neoplasms,0.7611,EXPERT,normal,"The model predicted Neoplasms, but no ontology-based features were available to explain this decision.",0.0,0.0,17.382142857142867,14.312857142857148,14.554592549557764,EXPERT / constrained decoding,constrained_decoding,25,14
Cavernous hemangioma of the spinal cord: report of 2 unusual cases. We present 2…,Neoplasms,0.7727,EXPERT,normal,"assistant
The model classified the case as ""Neoplastic"" because the key features identified, ""hemangioma"" and ""spinal cord,"" are both part of the broader category of ""neoplastic diseases."" Hemangioma is a benign vascular tumor that can occur in various parts of the body, including the spinal cord. The spinal cord is a complex organ that plays a crucial role in the central nervous system, making it susceptible to neoplastic changes. Therefore, the combination of these features led the model to predict that the patient's condition falls under the ""neoplasm"" category, which encompasses both benign and malignant growths in the body.",1.0,1.0,33.87738636363639,14.682702020202022,15.903189008614271,EXPERT / constrained decoding,constrained_decoding,26,99
Histochemical demonstration of 5'-nucleotidase activity in inflammatory muscle d…,General pathological conditions,0.6255,EXPERT,normal,"assistant
The model predicted that the patient has a general pathological condition because the key features identified, such as ""disease"" and ""muscular dystrophy,"" indicate a broad, systemic issue affecting the body's tissues and organs. These conditions are part of a broader category known as ""pathological conditions,"" which encompasses a wide range of diseases and disorders that can affect any part of the body. The presence of ""polymiomyositis"" further supports this classification, as it is a specific type of muscle disease that falls under the broader category of myopathies. Together, these features collectively point to a condition that is not localized to a specific organ or system but affects the entire body, fitting the definition of a ""general pathological condition.""",1.0,1.0,18.10261554621852,18.12510504201681,19.032712561301917,EXPERT / constrained decoding,constrained_decoding,27,119
Refeeding of infants with acute diarrheal disease. The purpose of this study was…,Digestive system diseases,0.7134,EXPERT,normal,"assistant
The model predicted that the patient has a digestive system disease because the key features identified were ""diarrhea"" and ""vomiting."" These symptoms are directly related to the gastrointestinal (GI) tract, which is a part of the digestive system. Diarrhea is a symptom characterized by loose, watery stools, often associated with inflammation or infection in the intestines. Vomiting, on the other hand, is a common symptom of gastrointestinal issues, such as gastroenteritis, where the stomach and intestines become inflamed or irritated. Both of these symptoms point to a problem within the digestive tract, indicating that the disease likely affects the gastrointestinal system. Therefore, the model classified the patient's condition as one involving digestive system diseases.",1.0,1.0,24.06605072463768,14.66413043478261,15.903189008614271,EXPERT / constrained decoding,constrained_decoding,28,115
HBV-DNA detection by gene amplification in acute hepatitis B. Serum samples from…,Digestive system diseases,0.7323,EXPERT,normal,"assistant
The model predicted that the patient has a digestive system disease due to the presence of two key features: hepatitis B and hepatitis. Hepatitis B is classified as a liver disease, which falls under the broader category of gastrointestinal system diseases. This classification is supported by the ontology path: ""liver disease → hepatitis → viral hepatitis → hepatitis B."" Hepatitis, on the other hand, is categorized as a gastrointestinal system disorder, specifically a hepatobiliar disease. The influence of these tokens is evident in the model's prediction, as both conditions are directly related to the digestive system and can lead to digestive system diseases, such as liver cirrhosis or hepatitis-related liver failure.",1.0,1.0,11.62726605504588,17.053284403669725,17.80541091248751,EXPERT / constrained decoding,constrained_decoding,29,112
Left ventricular diastolic function in patients with left ventricular systolic d…,Cardiovascular diseases,0.9485,EXPERT,normal,"assistant
The model predicted cardiovascular diseases because it identified two key tokens: ""cardiomyopathy"" and ""coronary artery disease"" (CAD). These tokens are part of the broader concept of cardiovascular diseases, which encompasses conditions affecting the heart and blood vessels. The model likely inferred that these conditions are related to the cardiovascular system, which includes the heart, blood vessels, and blood. ""Cardiomyopathies"" refer to diseases of the heart muscle, while ""CAD"" specifically pertains to the narrowing or blockage of the arteries that supply blood to the heart. Together, these conditions fall under the broader category of cardiovascular disease, indicating a high likelihood that the patient has cardiovascular issues.",1.0,1.0,19.30945283018869,15.832716981132076,16.647925096878797,EXPERT / constrained decoding,constrained_decoding,30,106
Oxygen uptake and heart rate responses during hypoxic exercise in children and a…,General pathological conditions,0.5042,EXPERT,normal,"The model predicted General pathological conditions, but no ontology-based features were available to explain this decision.",0.0,0.0,-10.329999999999984,18.675,18.243605946275583,EXPERT / constrained decoding,constrained_decoding,31,16
Cellular immune response to hepatitis B virus-encoded antigens in acute and chro…,Digestive system diseases,0.7009,EXPERT,normal,"assistant
The model predicted that the patient has a digestive system disease because the key features identified, such as the liver and specific types of hepatitis (hepatitis E and B), are all directly related to the digestive system. The liver is a crucial organ in the digestive process, processing nutrients and filtering blood. Hepatitis is an inflammation of the liver, which can lead to digestive symptoms like nausea, vomiting, and abdominal pain. Both hepatitis E and hepatitis B are liver diseases that can affect the digestive tract, causing symptoms such as jaundice, fatigue, and changes in bowel habits. Therefore, the combination of these liver-related features strongly indicates the presence of digestive system diseases in the patient.",1.0,1.0,27.21458620689657,15.226965517241378,16.887214914478655,EXPERT / constrained decoding,constrained_decoding,32,116
"CV 205-502--effectiveness, tolerability, and safety over 24-month study. Twenty …",General pathological conditions,0.5862,EXPERT,normal,"The model predicted General pathological conditions, but no ontology-based features were available to explain this decision.",0.0,0.0,-10.329999999999984,18.675,18.243605946275583,EXPERT / constrained decoding,constrained_decoding,33,16
The usefulness of simultaneous determinations of glucosaminylation and fucosylat…,Neoplasms,0.7992,EXPERT,normal,"assistant
The model identified carcinoma as an influential token, which is a type of neoplasm. Carcinoma is a cancer that originates in the epithelial cells of the skin or other organs, characterized by uncontrolled cell growth and the potential for metastasis. In the biomedical context, carcinoma falls under the broader category of neoplastic diseases, which are abnormal growths of cells that can spread to other parts of the body. Therefore, the model's prediction of carcinoma as influential indicates that it is a significant factor contributing to the classification of the patient's condition as a neoplasm.",1.0,1.0,19.76243421052635,16.40302631578948,17.971250198000288,EXPERT / constrained decoding,constrained_decoding,34,95
Unusual aspects of aortovenous fistulas associated with ruptured abdominal aorti…,Cardiovascular diseases,0.718,EXPERT,normal,"assistant
The model predicted cardiovascular diseases because it identified the presence of veins, particularly the iliac veins, which are part of the circulatory system responsible for transporting blood throughout the body. Veins play a crucial role in the cardiovascular system, facilitating the return of deoxygenated blood from the body's tissues back to the heart. The model likely inferred that the patient's condition involves issues related to blood flow or circulation within the veins, leading to the classification of cardiovascular diseases.",1.0,1.0,12.683333333333335,18.11500000000001,17.5058628484301,EXPERT / constrained decoding,constrained_decoding,35,80
Treatment of cervical spondylotic myelopathy by enlargement of the spinal canal …,Nervous system diseases,0.6074,EXPERT,normal,"The model predicted Nervous system diseases, but no ontology-based features were available to explain this decision.",0.0,0.0,10.820000000000022,15.725000000000003,15.903189008614271,EXPERT / constrained decoding,constrained_decoding,36,16
Stroke rehabilitation: Australian patient profile and functional outcome. A pros…,Nervous system diseases,0.5932,EXPERT,normal,"The model predicted Nervous system diseases, but no ontology-based features were available to explain this decision.",0.0,0.0,10.820000000000022,15.725000000000003,15.903189008614271,EXPERT / constrained decoding,constrained_decoding,37,16
Systemic hypertension in sleep apnea syndrome. Relationship with sleep architect…,Cardiovascular diseases,0.5745,EXPERT,normal,"assistant
The model predicted cardiovascular diseases because hypertension, a condition characterized by high blood pressure in the arteries, is a significant risk factor for cardiovascular diseases. Hypertension can lead to atherosclerosis, narrowing of the arteries due to plaque buildup, which increases the risk of coronary artery disease, heart attack, and stroke. Apnea, a respiratory condition marked by pauses in breathing during sleep, can also contribute to cardiovascular issues by increasing the workload on the heart and lungs. Additionally, the presence of a syndrome, which is a collection of symptoms and signs associated with a particular condition, suggests a systemic issue that may involve multiple organ systems, including the cardiovascular system. Therefore, the combination of hypertension and apnea with a syndrome indicates a high likelihood of cardiovascular diseases as the predicted outcome.",1.0,1.0,5.875587786259558,18.948610687022903,19.48791578843652,EXPERT / constrained decoding,constrained_decoding,38,131
Circadian variations in myocardial ischemia. Implications for management. Extend…,Cardiovascular diseases,0.8209,EXPERT,normal,"The model predicted Cardiovascular diseases, but no ontology-based features were available to explain this decision.",0.0,0.0,-11.429999999999978,18.58,17.122413403193683,EXPERT / constrained decoding,constrained_decoding,39,15
Characterization of auscultatory gaps with wideband external pulse recording. Th…,Cardiovascular diseases,0.7493,EXPERT,normal,"The model predicted Cardiovascular diseases, but no ontology-based features were available to explain this decision.",0.0,0.0,-11.429999999999978,18.58,17.122413403193683,EXPERT / constrained decoding,constrained_decoding,40,15
Infantile form of carnitine palmitoyltransferase II deficiency with hepatomuscul…,Digestive system diseases,0.5239,EXPERT,normal,"assistant
The model predicted a digestive system disease because the key feature identified, ""heart,"" is part of the circulatory system, which is a component of the cardiovascular system. The cardiovascular system plays a crucial role in delivering oxygen and nutrients to the body's organs, including the digestive system. Since the heart is a vital organ in this system, any issue with the heart could potentially affect the functioning of the digestive organs. Therefore, the model likely inferred that a heart-related issue might lead to digestive system problems, leading to the prediction of digestive system diseases.",1.0,1.0,25.99611842105267,15.533552631578951,16.218646115125612,EXPERT / constrained decoding,constrained_decoding,41,95
Amyotrophic lateral sclerosis: fasting plasma levels of cysteine and inorganic s…,Nervous system diseases,0.729,EXPERT,normal,"assistant
The model predicted a nervous system disease because the brain, which is a key component of the nervous system, was identified as an influential feature. The brain is an ectodermal-derived structure, which means it originates from the outer layer of cells in the embryo. As an organ, the brain is part of the central nervous system and plays a crucial role in various functions such as sensory processing, motor control, and cognitive processes. Therefore, the presence of the brain in the model's prediction indicates a high likelihood that the disease in question affects or originates from this critical anatomical region.",1.0,1.0,37.97258663366338,14.235717821782178,15.579741850924794,EXPERT / constrained decoding,constrained_decoding,42,101
Resection of the primary liver cancer of the hepatic hilus. Primary liver cancer…,Neoplasms,0.7682,EXPERT,normal,"assistant
The model classified the case as 'Neoplasm' because it identified 'cancer' as a key feature. Cancer is a disease characterized by uncontrolled cellular proliferation, which aligns with the concept of a neoplasm. Therefore, the model likely inferred that the patient's condition involves abnormal cellular growth and division, consistent with a neoplastic process. This classification reflects the model's understanding that cancer is a specific type of neoplasia, a broader term encompassing any abnormal growth of cells.",1.0,1.0,22.8026315789474,14.798947368421054,16.218646115125612,EXPERT / constrained decoding,constrained_decoding,43,76
Pulmonary resection combined with cardiac operations. Surgical management of pat…,Cardiovascular diseases,0.4145,EXPERT,normal,"The model predicted Cardiovascular diseases, but no ontology-based features were available to explain this decision.",0.0,0.0,-11.429999999999978,18.58,17.122413403193683,EXPERT / constrained decoding,constrained_decoding,44,15
Neuro-ophthalmic manifestations of human immunodeficiency virus infection. Both …,Neoplasms,0.5218,EXPERT,normal,"assistant
The model classified the patient's condition as 'Neoplasm' due to the presence of the 'brain' feature. According to the ontology, the brain is an ectodermal-derived structure that forms part of the central nervous system. In the context of oncology, a neoplasm refers to an abnormal growth of cells that can occur anywhere in the body, including the brain. Therefore, the identification of the brain as an influential token in the model's prediction strongly suggests that the patient has a neoplastic process involving the brain, such as a glioma or meningioma.",1.0,1.0,41.50418956043959,13.12206043956044,14.90622815163357,EXPERT / constrained decoding,constrained_decoding,45,91
Postlaminectomy ossified extradural pseudocyst. Case report. A large ossified sp…,General pathological conditions,0.6085,EXPERT,normal,"assistant
The model classified the case as ""general pathological conditions"" because the key feature identified, ""meningocele,"" is a type of physical disorder that falls under the broader category of neural tube defects. Meningocele is a congenital malformation of the meninges, the protective covering of the brain and spinal cord. It occurs when part of the spinal cord or meninges protrudes through a defect in the skull or vertebral column. This condition is classified as a general pathological condition because it involves a structural abnormality of the central nervous system that can lead to various neurological and developmental issues if left untreated.",1.0,1.0,25.408230198019822,15.988193069306934,17.410965686947208,EXPERT / constrained decoding,constrained_decoding,46,101
Gallstone pancreatitis. Choosing and timing treatment. Patients with gallstone p…,Digestive system diseases,0.8022,EXPERT,normal,"The model predicted Digestive system diseases, but no ontology-based features were available to explain this decision.",0.0,0.0,5.532499999999999,16.462500000000002,17.122413403193683,EXPERT / constrained decoding,constrained_decoding,47,16
Angiotensin converting enzyme inhibitors and quality of life. The term quality o…,Cardiovascular diseases,0.9435,EXPERT,normal,"assistant
The model predicted cardiovascular diseases because it identified hypertension as a key feature. Hypertension, which is a condition characterized by high blood pressure, is a significant risk factor for cardiovascular diseases. According to the ontology, hypertension falls under the broader category of vascular diseases, which in turn is part of the cardiovascular system. Therefore, hypertension is a strong indicator of cardiovascular diseases, leading the model to predict this class.",1.0,1.0,7.786785714285742,16.520714285714288,16.827784334635936,EXPERT / constrained decoding,constrained_decoding,48,70
Swan-Ganz catheter-induced massive hemoptysis and pulmonary artery false aneurys…,Cardiovascular diseases,0.7713,EXPERT,normal,"assistant
The model predicted cardiovascular diseases because it identified the pulmonary artery as a key feature. The pulmonary artery is a branch of the aorta that carries oxygen-poor blood from the heart to the lungs for gas exchange. Hemoptysis, a symptom characterized by the presence of blood in the sputum, is often associated with pulmonary diseases, including pulmonary embolism and pulmonary hypertension. These conditions can lead to the formation of clots in the pulmonary arteries, potentially causing them to rupture and release blood into the airways, resulting in the characteristic symptom of coughing up blood (hemoptysis). Therefore, the model likely inferred that the patient's pulmonary artery was involved in a cardiovascular event, leading to the prediction of cardiovascular diseases.",1.0,1.0,12.056151260504208,17.49031932773109,18.243605946275583,EXPERT / constrained decoding,constrained_decoding,49,119
